# 3ds Max Wavefront OBJ Exporter v0.99 - (c)2007 guruware
# File Created: 10.04.2025 22:27:28

mtllib ArbolDeNavidad.mtl

#
# object Tree_Circle
#

v  -0.2242 0.2882 -0.4065
v  -0.2651 0.3362 -0.4724
v  0.0073 0.3491 -0.5455
v  0.0102 0.2993 -0.4694
v  -0.3958 0.2800 -0.2347
v  -0.4645 0.3268 -0.2728
v  -0.4690 0.3614 -0.2742
v  -0.1257 0.7487 -0.0632
v  -0.0795 0.7508 -0.1094
v  -0.2686 0.3709 -0.4749
v  0.2791 0.3968 0.4749
v  0.0467 0.7568 0.1094
v  -0.0164 0.7538 0.1264
v  0.0052 0.3838 0.5484
v  -0.4690 0.3614 0.2742
v  -0.1257 0.7487 0.0632
v  -0.1426 0.7479 0.0000
v  -0.5424 0.3579 0.0000
v  0.2791 0.3968 -0.4749
v  0.0467 0.7568 -0.1094
v  0.0929 0.7590 -0.0632
v  0.4795 0.4063 -0.2742
v  0.4795 0.4063 0.2742
v  0.0929 0.7590 0.0632
v  -0.2686 0.3709 0.4749
v  -0.0795 0.7508 0.1094
v  -0.0026 0.7650 -0.3698
v  -0.1871 0.7755 -0.3203
v  -0.0514 1.0125 -0.1146
v  0.0147 1.0087 -0.1323
v  -0.0175 0.7726 0.0745
v  0.0197 0.7744 0.0645
v  0.0470 0.7757 0.0372
v  -0.0175 0.7726 0.0000
v  0.5529 0.4098 0.0000
v  0.1098 0.7598 0.0000
v  0.0052 0.3838 -0.5484
v  -0.0164 0.7538 -0.1264
v  0.1513 0.6411 -0.0937
v  0.1764 0.6396 0.0000
v  0.1513 0.6411 0.0937
v  -0.0107 0.6503 0.0000
v  -0.3222 0.7833 -0.1849
v  -0.0997 1.0153 -0.0662
v  -0.1871 0.7755 0.3203
v  -0.0514 1.0125 0.1146
v  -0.0997 1.0153 0.0662
v  -0.3222 0.7833 0.1849
v  -0.0473 0.9710 -0.1008
v  -0.0854 1.0361 -0.1579
v  0.0055 1.0419 -0.1823
v  0.0108 0.9747 -0.1164
v  0.0161 1.0289 0.0822
v  0.0571 1.0266 0.0712
v  0.0871 1.0248 0.0411
v  0.0161 1.0289 0.0000
v  0.3665 0.7438 0.0000
v  0.1467 1.0012 0.0000
v  0.1290 1.0022 0.0662
v  0.3170 0.7466 0.1849
v  -0.0026 0.7650 0.3698
v  0.0147 1.0087 0.1323
v  -0.3716 0.7861 0.0000
v  -0.1174 1.0163 0.0000
v  0.1819 0.7544 -0.3203
v  0.0807 1.0050 -0.1146
v  0.3170 0.7466 -0.1849
v  0.1290 1.0022 -0.0662
v  0.1819 0.7544 0.3203
v  0.0807 1.0050 0.1146
v  -0.0898 0.9683 -0.0582
v  -0.1520 1.0319 -0.0912
v  -0.1604 1.0751 -0.0940
v  -0.0554 1.3245 -0.0222
v  -0.0391 1.3256 -0.0385
v  -0.0918 1.0795 -0.1629
v  -0.1856 1.0735 0.0000
v  -0.0613 1.3241 0.0000
v  0.0021 1.0855 -0.1881
v  -0.0170 1.3270 -0.0444
v  0.0052 1.3284 -0.0385
v  0.0959 1.0915 -0.1629
v  0.1645 1.0959 -0.0940
v  0.0214 1.3294 -0.0222
v  0.0273 1.3298 0.0000
v  0.1897 1.0975 0.0000
v  0.0021 1.0855 0.1881
v  0.0959 1.0915 0.1629
v  0.0052 1.3284 0.0385
v  -0.0170 1.3270 0.0444
v  -0.1604 1.0751 0.0940
v  -0.0554 1.3245 0.0222
v  0.1645 1.0959 0.0940
v  0.0214 1.3294 0.0222
v  -0.0918 1.0795 0.1629
v  -0.0391 1.3256 0.0385
v  -0.0107 0.6503 -0.1875
v  -0.1042 0.6557 -0.1624
v  -0.1859 0.7426 -0.3141
v  -0.0049 0.7323 -0.3627
v  0.3698 0.3003 0.2073
v  0.2182 0.2931 0.3591
v  0.0111 0.2833 0.4147
v  0.0111 0.2833 0.0000
v  0.2797 0.3620 -0.4724
v  0.2446 0.3104 -0.4065
v  -0.3958 0.2800 0.2347
v  -0.4645 0.3268 0.2728
v  -0.5375 0.3233 0.0000
v  -0.4586 0.2771 0.0000
v  -0.2242 0.2882 0.4065
v  -0.2651 0.3362 0.4724
v  0.0102 0.2993 0.4694
v  0.0073 0.3491 0.5455
v  0.2446 0.3104 0.4065
v  0.2797 0.3620 0.4724
v  0.4162 0.3185 0.2347
v  0.4790 0.3715 0.2728
v  0.4790 0.3215 0.0000
v  0.5520 0.3749 0.0000
v  0.4162 0.3185 -0.2347
v  0.4790 0.3715 -0.2728
v  -0.1727 0.6596 -0.0937
v  -0.3183 0.7502 -0.1813
v  0.0828 0.6450 -0.1624
v  0.1761 0.7219 -0.3141
v  -0.1727 0.6596 0.0937
v  -0.3183 0.7502 0.1813
v  -0.3668 0.7530 0.0000
v  -0.1978 0.6611 0.0000
v  -0.1042 0.6557 0.1624
v  -0.1859 0.7426 0.3141
v  -0.0107 0.6503 0.1875
v  -0.0049 0.7323 0.3627
v  0.0828 0.6450 0.1624
v  0.1761 0.7219 0.3141
v  0.3085 0.7143 0.1813
v  0.3570 0.7115 0.0000
v  0.3085 0.7143 -0.1813
v  0.0696 0.9582 -0.0331
v  0.0785 0.9588 0.0000
v  0.0696 0.9582 0.0331
v  0.0124 0.9546 0.0000
v  0.0964 1.0477 -0.1579
v  0.0689 0.9784 -0.1008
v  -0.0898 0.9683 0.0582
v  -0.1520 1.0319 0.0912
v  -0.1764 1.0303 0.0000
v  -0.1053 0.9673 0.0000
v  -0.0473 0.9710 0.1008
v  -0.0854 1.0361 0.1579
v  0.0108 0.9747 0.1164
v  0.0055 1.0419 0.1823
v  0.0689 0.9784 0.1008
v  0.0964 1.0477 0.1579
v  0.1114 0.9811 0.0582
v  0.1630 1.0520 0.0912
v  0.1269 0.9821 0.0000
v  0.1874 1.0536 0.0000
v  0.1114 0.9811 -0.0582
v  0.1630 1.0520 -0.0912
v  0.0063 0.3659 -0.5564
v  -0.2715 0.3527 -0.4819
v  -0.4749 0.3431 -0.2782
v  -0.5493 0.3396 0.0000
v  -0.4749 0.3431 0.2782
v  -0.2715 0.3527 0.4819
v  0.0063 0.3659 0.5564
v  0.2841 0.3791 0.4819
v  0.4875 0.3887 0.2782
v  0.5619 0.3922 0.0000
v  0.4875 0.3887 -0.2782
v  0.2841 0.3791 -0.4819
v  -0.0175 0.7726 -0.0745
v  -0.0172 0.7671 -0.1023
v  -0.0682 0.7647 -0.0886
v  -0.0547 0.7709 -0.0645
v  -0.1056 0.7629 -0.0511
v  -0.0819 0.7696 -0.0372
v  -0.1193 0.7623 0.0000
v  -0.0919 0.7691 0.0000
v  -0.1056 0.7629 0.0511
v  -0.0819 0.7696 0.0372
v  -0.0682 0.7647 0.0886
v  -0.0547 0.7709 0.0645
v  -0.0172 0.7671 0.1023
v  0.0339 0.7695 0.0886
v  0.0713 0.7713 0.0511
v  0.0850 0.7720 0.0000
v  0.0569 0.7761 0.0000
v  0.0713 0.7713 -0.0511
v  0.0470 0.7757 -0.0372
v  0.0339 0.7695 -0.0886
v  0.0197 0.7744 -0.0645
v  -0.0039 0.7470 -0.3758
v  -0.1914 0.7578 -0.3255
v  -0.3287 0.7656 -0.1879
v  -0.3789 0.7685 0.0000
v  -0.3287 0.7656 0.1879
v  -0.1914 0.7578 0.3255
v  -0.0039 0.7470 0.3758
v  0.1837 0.7363 0.3255
v  0.3210 0.7284 0.1879
v  0.3712 0.7255 0.0000
v  0.3210 0.7284 -0.1879
v  0.1837 0.7363 -0.3255
v  0.0161 1.0289 -0.0822
v  0.0157 1.0230 -0.1095
v  -0.0390 1.0261 -0.0948
v  -0.0249 1.0313 -0.0712
v  -0.0790 1.0284 -0.0547
v  -0.0550 1.0330 -0.0411
v  -0.0936 1.0293 0.0000
v  -0.0660 1.0336 0.0000
v  -0.0790 1.0284 0.0547
v  -0.0550 1.0330 0.0411
v  -0.0390 1.0261 0.0948
v  -0.0249 1.0313 0.0712
v  0.0157 1.0230 0.1095
v  0.0703 1.0199 0.0948
v  0.1103 1.0176 0.0547
v  0.1249 1.0167 0.0000
v  0.0981 1.0242 0.0000
v  0.1103 1.0176 -0.0547
v  0.0871 1.0248 -0.0411
v  0.0703 1.0199 -0.0948
v  0.0571 1.0266 -0.0712
v  0.0038 1.0630 -0.1922
v  -0.0920 1.0569 -0.1664
v  -0.1622 1.0524 -0.0961
v  -0.1879 1.0508 0.0000
v  -0.1622 1.0524 0.0961
v  -0.0920 1.0569 0.1664
v  0.0038 1.0630 0.1922
v  0.0997 1.0692 0.1664
v  0.1698 1.0736 0.0961
v  0.1955 1.0753 0.0000
v  0.1698 1.0736 -0.0961
v  0.0997 1.0692 -0.1664
v  -0.0439 1.3419 0.0000
v  -0.0404 1.3422 0.0128
v  -0.0188 1.3504 0.0000
v  -0.0404 1.3422 -0.0128
v  -0.0183 1.3436 -0.0256
v  -0.0311 1.3428 -0.0222
v  -0.0311 1.3428 0.0222
v  -0.0183 1.3436 0.0256
v  -0.0055 1.3444 0.0222
v  0.0038 1.3450 0.0128
v  0.0073 1.3452 0.0000
v  0.0038 1.3450 -0.0128
v  -0.0055 1.3444 -0.0222
v  0.0109 0.2880 -0.4433
v  -0.2105 0.2775 -0.3839
v  0.0111 0.2833 -0.4147
v  -0.1959 0.2735 -0.3591
v  -0.3726 0.2698 -0.2217
v  -0.3475 0.2663 -0.2073
v  -0.4319 0.2670 0.0000
v  -0.4030 0.2637 0.0000
v  -0.3726 0.2698 0.2217
v  -0.3475 0.2663 0.2073
v  -0.2105 0.2775 0.3839
v  -0.1959 0.2735 0.3591
v  0.0109 0.2880 0.4433
v  0.2322 0.2985 0.3839
v  0.3943 0.3062 0.2217
v  0.4536 0.3090 0.0000
v  0.4252 0.3029 0.0000
v  0.3943 0.3062 -0.2217
v  0.3698 0.3003 -0.2073
v  0.2322 0.2985 -0.3839
v  0.2182 0.2931 -0.3591
v  0.0119 0.9605 -0.0936
v  -0.0347 0.9575 -0.0810
v  0.0124 0.9546 -0.0662
v  -0.0207 0.9524 -0.0574
v  -0.0689 0.9553 -0.0468
v  -0.0448 0.9509 -0.0331
v  -0.0814 0.9545 0.0000
v  -0.0537 0.9503 0.0000
v  -0.0689 0.9553 0.0468
v  -0.0448 0.9509 0.0331
v  -0.0347 0.9575 0.0810
v  -0.0207 0.9524 0.0574
v  0.0119 0.9605 0.0936
v  0.0124 0.9546 0.0662
v  0.0586 0.9634 0.0810
v  0.0454 0.9567 0.0574
v  0.0927 0.9656 0.0468
v  0.1052 0.9664 0.0000
v  0.0927 0.9656 -0.0468
v  0.0586 0.9634 -0.0810
v  0.0454 0.9567 -0.0574
# 294 vertices

vn -0.2004 -0.8853 -0.4197
vn -0.3281 -0.7071 -0.6265
vn 0.0332 -0.6879 -0.7250
vn 0.0417 -0.8732 -0.4856
vn -0.3769 -0.8941 -0.2419
vn -0.5915 -0.7210 -0.3611
vn -0.7368 0.5377 -0.4098
vn -0.5484 0.7826 -0.2946
vn -0.3325 0.7937 -0.5094
vn -0.4366 0.5541 -0.7087
vn 0.3791 0.5985 0.7058
vn 0.2537 0.8237 0.5071
vn -0.0387 0.8088 0.5869
vn -0.0279 0.5764 0.8167
vn -0.7368 0.5377 0.4098
vn -0.5484 0.7826 0.2946
vn -0.6276 0.7785 0.0000
vn -0.8469 0.5317 -0.0000
vn 0.3791 0.5985 -0.7058
vn 0.2537 0.8237 -0.5071
vn 0.4670 0.8346 -0.2923
vn 0.6759 0.6146 -0.4068
vn 0.6759 0.6146 0.4068
vn 0.4670 0.8346 0.2923
vn -0.4366 0.5541 0.7087
vn -0.3325 0.7937 0.5094
vn 0.0296 0.5043 -0.8630
vn -0.4001 0.5329 -0.7456
vn -0.2743 0.7868 -0.5530
vn 0.0445 0.7668 -0.6403
vn -0.0471 0.9924 0.1137
vn 0.0097 0.9951 0.0984
vn 0.0512 0.9971 0.0568
vn -0.0473 0.9989 0.0000
vn 0.7842 0.6205 0.0000
vn 0.5448 0.8385 0.0000
vn -0.0279 0.5764 -0.8167
vn -0.0387 0.8088 -0.5869
vn 0.1609 -0.9790 -0.1252
vn 0.1942 -0.9810 0.0000
vn 0.1609 -0.9790 0.1252
vn -0.0572 -0.9984 0.0000
vn -0.7133 0.5537 -0.4297
vn -0.5064 0.8013 -0.3186
vn -0.4001 0.5329 0.7456
vn -0.2743 0.7868 0.5530
vn -0.5064 0.8013 0.3186
vn -0.7133 0.5537 0.4297
vn -0.2679 -0.7902 -0.5512
vn -0.3772 -0.5853 -0.7177
vn 0.0362 -0.5548 -0.8312
vn 0.0497 -0.7680 -0.6385
vn 0.0569 0.9906 0.1242
vn 0.1189 0.9870 0.1077
vn 0.1645 0.9844 0.0622
vn 0.0572 0.9984 0.0000
vn 0.8948 0.4465 -0.0000
vn 0.6874 0.7263 -0.0000
vn 0.6008 0.7318 0.3217
vn 0.7785 0.4543 0.4332
vn 0.0296 0.5043 0.8630
vn 0.0445 0.7668 0.6403
vn -0.8276 0.5613 0.0000
vn -0.5911 0.8066 0.0000
vn 0.4613 0.4755 -0.7491
vn 0.3651 0.7466 -0.5561
vn 0.7785 0.4543 -0.4332
vn 0.6008 0.7318 -0.3217
vn 0.4613 0.4755 0.7491
vn 0.3651 0.7466 0.5561
vn -0.4991 -0.8063 -0.3175
vn -0.6783 -0.6074 -0.4134
vn -0.8370 0.2777 -0.4715
vn -0.7187 0.5740 -0.3924
vn -0.4313 0.5950 -0.6782
vn -0.4921 0.3041 -0.8157
vn -0.9634 0.2680 0.0000
vn -0.8242 0.5662 0.0000
vn -0.0223 0.3401 -0.9401
vn -0.0406 0.6235 -0.7808
vn 0.3478 0.6517 -0.6741
vn 0.4457 0.3758 -0.8125
vn 0.7869 0.4018 -0.4683
vn 0.6304 0.6722 -0.3883
vn 0.7336 0.6796 0.0000
vn 0.9115 0.4113 0.0000
vn -0.0223 0.3401 0.9401
vn 0.4457 0.3758 0.8125
vn 0.3478 0.6517 0.6741
vn -0.0406 0.6234 0.7808
vn -0.8370 0.2777 0.4715
vn -0.7187 0.5740 0.3924
vn 0.7869 0.4018 0.4683
vn 0.6304 0.6722 0.3883
vn -0.4921 0.3041 0.8157
vn -0.4313 0.5950 0.6782
vn -0.0557 -0.9663 -0.2513
vn -0.1814 -0.9589 -0.2181
vn -0.3551 -0.7653 -0.5369
vn -0.0457 -0.7846 -0.6183
vn 0.1287 -0.9906 0.0471
vn 0.0942 -0.9922 0.0816
vn 0.0471 -0.9944 0.0941
vn 0.0473 -0.9989 -0.0000
vn 0.3961 -0.6686 -0.6293
vn 0.2847 -0.8610 -0.4214
vn -0.3769 -0.8941 0.2419
vn -0.5915 -0.7210 0.3611
vn -0.6876 -0.7261 0.0000
vn -0.4414 -0.8973 -0.0000
vn -0.2004 -0.8853 0.4197
vn -0.3281 -0.7071 0.6265
vn 0.0417 -0.8732 0.4856
vn 0.0332 -0.6879 0.7250
vn 0.2847 -0.8610 0.4214
vn 0.3961 -0.6686 0.6293
vn 0.4633 -0.8521 0.2437
vn 0.6628 -0.6545 0.3639
vn 0.5287 -0.8488 -0.0000
vn 0.7606 -0.6492 -0.0000
vn 0.4633 -0.8521 -0.2437
vn 0.6628 -0.6545 -0.3639
vn -0.2738 -0.9535 -0.1261
vn -0.5827 -0.7510 -0.3105
vn 0.0696 -0.9736 -0.2172
vn 0.2621 -0.8038 -0.5340
vn -0.2738 -0.9535 0.1261
vn -0.5827 -0.7510 0.3105
vn -0.6662 -0.7458 0.0000
vn -0.3077 -0.9515 -0.0000
vn -0.1814 -0.9589 0.2181
vn -0.3551 -0.7653 0.5369
vn -0.0557 -0.9663 0.2513
vn -0.0457 -0.7846 0.6183
vn 0.0696 -0.9736 0.2172
vn 0.2621 -0.8038 0.5340
vn 0.4864 -0.8178 0.3076
vn 0.5682 -0.8229 0.0000
vn 0.4864 -0.8178 -0.3076
vn 0.1707 -0.9834 -0.0620
vn 0.1873 -0.9823 -0.0000
vn 0.1707 -0.9834 0.0620
vn 0.0638 -0.9980 -0.0000
vn 0.4520 -0.5240 -0.7218
vn 0.3693 -0.7456 -0.5547
vn -0.4991 -0.8063 0.3175
vn -0.6783 -0.6074 0.4134
vn -0.7881 -0.6155 -0.0000
vn -0.5834 -0.8122 -0.0000
vn -0.2679 -0.7902 0.5512
vn -0.3772 -0.5853 0.7177
vn 0.0497 -0.7680 0.6385
vn 0.0362 -0.5548 0.8312
vn 0.3693 -0.7456 0.5547
vn 0.4520 -0.5240 0.7218
vn 0.6045 -0.7291 0.3210
vn 0.7578 -0.5013 0.4176
vn 0.6909 -0.7230 0.0000
vn 0.8700 -0.4930 0.0000
vn 0.6045 -0.7291 -0.3210
vn 0.7578 -0.5013 -0.4176
vn -0.0179 0.4076 -0.9130
vn -0.4751 0.3817 -0.7929
vn 0.0246 -0.5441 -0.8386
vn -0.3928 -0.5671 -0.7239
vn -0.8113 0.3626 -0.4587
vn -0.6966 -0.5838 -0.4170
vn -0.9346 0.3556 -0.0000
vn -0.8075 -0.5899 0.0000
vn -0.8113 0.3626 0.4587
vn -0.6966 -0.5838 0.4170
vn -0.4751 0.3817 0.7929
vn -0.3928 -0.5671 0.7239
vn -0.0179 0.4076 0.9130
vn 0.0246 -0.5441 0.8386
vn 0.4366 0.4333 0.7884
vn 0.4447 -0.5209 0.7286
vn 0.7677 0.4520 0.4542
vn 0.7539 -0.5038 0.4216
vn 0.8885 0.4588 0.0000
vn 0.8674 -0.4975 -0.0000
vn 0.7677 0.4520 -0.4542
vn 0.7539 -0.5038 -0.4216
vn 0.4366 0.4333 -0.7884
vn 0.4447 -0.5209 -0.7286
vn -0.0471 0.9924 -0.1137
vn -0.0443 0.9298 -0.3654
vn -0.2272 0.9208 -0.3170
vn -0.1039 0.9897 -0.0986
vn -0.3614 0.9142 -0.1832
vn -0.1456 0.9877 -0.0569
vn -0.4106 0.9118 0.0000
vn -0.1609 0.9870 -0.0000
vn -0.3614 0.9142 0.1832
vn -0.1456 0.9877 0.0569
vn -0.2272 0.9208 0.3170
vn -0.1039 0.9897 0.0986
vn -0.0443 0.9298 0.3654
vn 0.1379 0.9387 0.3159
vn 0.2709 0.9452 0.1822
vn 0.3195 0.9476 0.0000
vn 0.0664 0.9978 0.0000
vn 0.2709 0.9452 -0.1822
vn 0.0512 0.9971 -0.0568
vn 0.1379 0.9387 -0.3159
vn 0.0097 0.9951 -0.0984
vn 0.0164 0.3184 -0.9478
vn -0.4551 0.3511 -0.8183
vn -0.0370 -0.6643 -0.7465
vn -0.4111 -0.6400 -0.6491
vn -0.7983 0.3748 -0.4714
vn -0.6868 -0.6221 -0.3759
vn -0.9235 0.3835 0.0000
vn -0.7882 -0.6155 0.0000
vn -0.7983 0.3748 0.4714
vn -0.6868 -0.6221 0.3759
vn -0.4551 0.3511 0.8183
vn -0.4111 -0.6400 0.6491
vn 0.0164 0.3184 0.9478
vn -0.0370 -0.6643 0.7465
vn 0.4907 0.2855 0.8232
vn 0.3341 -0.6883 0.6439
vn 0.8396 0.2612 0.4763
vn 0.6038 -0.7057 0.3707
vn 0.9676 0.2523 0.0000
vn 0.7021 -0.7120 0.0000
vn 0.8396 0.2612 -0.4763
vn 0.6038 -0.7057 -0.3707
vn 0.4907 0.2855 -0.8232
vn 0.3341 -0.6883 -0.6439
vn 0.0569 0.9906 -0.1242
vn 0.0528 0.9144 -0.4013
vn -0.1471 0.9263 -0.3468
vn -0.0051 0.9942 -0.1074
vn -0.2929 0.9350 -0.1999
vn -0.0504 0.9968 -0.0620
vn -0.3461 0.9382 0.0000
vn -0.0669 0.9978 0.0000
vn -0.2929 0.9350 0.1999
vn -0.0504 0.9968 0.0620
vn -0.1471 0.9263 0.3468
vn -0.0051 0.9942 0.1074
vn 0.0528 0.9144 0.4013
vn 0.2537 0.9024 0.3483
vn 0.4012 0.8936 0.2014
vn 0.4553 0.8903 -0.0000
vn 0.1812 0.9835 -0.0000
vn 0.4012 0.8936 -0.2014
vn 0.1645 0.9844 -0.0622
vn 0.2537 0.9024 -0.3483
vn 0.1189 0.9870 -0.1077
vn -0.0091 0.1786 -0.9839
vn -0.5010 0.1400 -0.8541
vn 0.0251 -0.4214 -0.9065
vn -0.4253 -0.4557 -0.7820
vn -0.8623 0.1116 -0.4939
vn -0.7526 -0.4805 -0.4501
vn -0.9949 0.1012 0.0000
vn -0.8720 -0.4896 -0.0000
vn -0.8623 0.1116 0.4939
vn -0.7526 -0.4805 0.4501
vn -0.5010 0.1400 0.8541
vn -0.4253 -0.4557 0.7820
vn -0.0091 0.1786 0.9839
vn 0.0251 -0.4214 0.9065
vn 0.4803 0.2169 0.8499
vn 0.4789 -0.3868 0.7880
vn 0.8368 0.2448 0.4897
vn 0.8133 -0.3612 0.4562
vn 0.9669 0.2550 -0.0000
vn 0.9361 -0.3518 0.0000
vn 0.8368 0.2448 -0.4897
vn 0.8133 -0.3612 -0.4562
vn 0.4803 0.2169 -0.8499
vn 0.4789 -0.3868 -0.7880
vn -0.5606 0.8281 0.0000
vn -0.4824 0.8406 0.2465
vn -0.0648 0.9979 -0.0000
vn -0.4824 0.8406 -0.2465
vn -0.0563 0.8696 -0.4906
vn -0.3076 0.8454 -0.4367
vn -0.3076 0.8454 0.4367
vn -0.0563 0.8696 0.4906
vn 0.1944 0.8795 0.4343
vn 0.3657 0.8982 0.2441
vn 0.4433 0.8964 0.0000
vn 0.3657 0.8982 -0.2441
vn 0.1944 0.8795 -0.4344
vn 0.0453 -0.9530 -0.2997
vn -0.1041 -0.9602 -0.2591
vn 0.0471 -0.9944 -0.0941
vn 0.0002 -0.9967 -0.0814
vn -0.2133 -0.9655 -0.1494
vn -0.0342 -0.9983 -0.0470
vn -0.2532 -0.9674 -0.0000
vn -0.0468 -0.9989 0.0000
vn -0.2133 -0.9655 0.1494
vn -0.0342 -0.9983 0.0470
vn -0.1041 -0.9602 0.2591
vn 0.0002 -0.9967 0.0814
vn 0.0453 -0.9530 0.2997
vn 0.1953 -0.9457 0.2599
vn 0.3053 -0.9404 0.1502
vn 0.3456 -0.9384 -0.0000
vn 0.1413 -0.9900 0.0000
vn 0.3053 -0.9404 -0.1502
vn 0.1287 -0.9906 -0.0471
vn 0.1953 -0.9457 -0.2599
vn 0.0942 -0.9922 -0.0816
vn 0.0589 -0.9146 -0.4001
vn -0.1403 -0.9278 -0.3456
vn 0.0634 -0.9903 -0.1239
vn 0.0016 -0.9942 -0.1071
vn -0.2855 -0.9375 -0.1992
vn -0.0435 -0.9971 -0.0618
vn -0.3385 -0.9410 -0.0000
vn -0.0600 -0.9982 -0.0000
vn -0.2855 -0.9375 0.1992
vn -0.0435 -0.9971 0.0618
vn -0.1403 -0.9278 0.3456
vn 0.0016 -0.9942 0.1071
vn 0.0589 -0.9146 0.4001
vn 0.0634 -0.9903 0.1239
vn 0.2591 -0.9012 0.3473
vn 0.1253 -0.9863 0.1074
vn 0.4063 -0.8914 0.2009
vn 0.4602 -0.8878 0.0000
vn 0.4063 -0.8914 -0.2009
vn 0.2591 -0.9012 -0.3473
vn 0.1253 -0.9863 -0.1074
# 330 vertex normals

vt 0.7708 0.3795 0.0000
vt 0.7550 0.3513 0.0000
vt 0.8439 0.2973 0.0000
vt 0.8550 0.3355 0.0000
vt 0.6927 0.4244 0.0000
vt 0.6791 0.3961 0.0000
vt 0.6729 0.3841 0.0000
vt 0.5476 0.1912 0.0000
vt 0.5704 0.1734 0.0000
vt 0.7476 0.3392 0.0000
vt 0.2952 0.3851 0.0000
vt 0.4151 0.1900 0.0000
vt 0.4403 0.2009 0.0000
vt 0.3657 0.4174 0.0000
vt 0.5208 0.4337 0.0000
vt 0.4953 0.2087 0.0000
vt 0.5222 0.2024 0.0000
vt 0.5980 0.4167 0.0000
vt 0.1052 0.1142 0.0000
vt 0.3564 0.0983 0.0000
vt 0.3624 0.1270 0.0000
vt 0.1386 0.2027 0.0000
vt 0.2335 0.3381 0.0000
vt 0.3927 0.1740 0.0000
vt 0.4423 0.4343 0.0000
vt 0.4671 0.2076 0.0000
vt 0.2025 0.6829 0.0000
vt 0.2402 0.6195 0.0000
vt 0.3577 0.6853 0.0000
vt 0.3493 0.7115 0.0000
vt 0.2105 0.4616 0.0000
vt 0.1966 0.4616 0.0000
vt 0.1845 0.4547 0.0000
vt 0.2035 0.4356 0.0000
vt 0.1808 0.2769 0.0000
vt 0.3743 0.1528 0.0000
vt 0.0694 0.0025 0.0000
vt 0.3602 0.0669 0.0000
vt 0.9038 0.1829 0.0000
vt 0.8743 0.2002 0.0000
vt 0.8400 0.1998 0.0000
vt 0.8574 0.1360 0.0000
vt 0.2836 0.5697 0.0000
vt 0.3735 0.6639 0.0000
vt 0.4529 0.5090 0.0000
vt 0.4457 0.6382 0.0000
vt 0.4199 0.6399 0.0000
vt 0.3930 0.5136 0.0000
vt 0.8116 0.4469 0.0000
vt 0.7674 0.4552 0.0000
vt 0.7530 0.4140 0.0000
vt 0.8114 0.4143 0.0000
vt 0.0500 0.2722 0.0000
vt 0.0346 0.2722 0.0000
vt 0.0213 0.2645 0.0000
vt 0.0423 0.2436 0.0000
vt 0.6480 0.6418 0.0000
vt 0.5280 0.6946 0.0000
vt 0.5140 0.6723 0.0000
vt 0.6146 0.5890 0.0000
vt 0.5126 0.5204 0.0000
vt 0.4712 0.6430 0.0000
vt 0.3357 0.5338 0.0000
vt 0.3952 0.6486 0.0000
vt 0.6695 0.7703 0.0000
vt 0.6591 0.8462 0.0000
vt 0.5242 0.7741 0.0000
vt 0.5345 0.7476 0.0000
vt 0.6666 0.7028 0.0000
vt 0.5352 0.7203 0.0000
vt 0.5679 0.5475 0.0000
vt 0.4949 0.6545 0.0000
vt 0.8186 0.4757 0.0000
vt 0.7787 0.4861 0.0000
vt 0.7639 0.4922 0.0000
vt 0.6798 0.5565 0.0000
vt 0.6732 0.5505 0.0000
vt 0.7497 0.4630 0.0000
vt 0.7740 0.5176 0.0000
vt 0.6845 0.5634 0.0000
vt 0.7233 0.7501 0.0000
vt 0.6636 0.6250 0.0000
vt 0.6724 0.6209 0.0000
vt 0.7458 0.7119 0.0000
vt 0.7608 0.6833 0.0000
vt 0.6791 0.6152 0.0000
vt 0.6840 0.6085 0.0000
vt 0.7720 0.6584 0.0000
vt 0.7862 0.5875 0.0000
vt 0.7845 0.6112 0.0000
vt 0.6897 0.5936 0.0000
vt 0.6903 0.5859 0.0000
vt 0.7811 0.5411 0.0000
vt 0.6879 0.5706 0.0000
vt 0.7799 0.6348 0.0000
vt 0.6876 0.6013 0.0000
vt 0.7851 0.5641 0.0000
vt 0.6897 0.5783 0.0000
vt 0.9211 0.1193 0.0000
vt 0.9043 0.0896 0.0000
vt 0.9543 0.0384 0.0000
vt 0.9901 0.1002 0.0000
vt 0.2639 0.9485 0.0000
vt 0.1968 0.9873 0.0000
vt 0.1192 0.9873 0.0000
vt 0.1580 0.8426 0.0000
vt 0.0131 0.0335 0.0000
vt 0.0513 0.0090 0.0000
vt 0.0902 0.1196 0.0000
vt 0.0562 0.1327 0.0000
vt 0.5250 0.4771 0.0000
vt 0.5222 0.4464 0.0000
vt 0.6019 0.4289 0.0000
vt 0.6108 0.4588 0.0000
vt 0.4372 0.4779 0.0000
vt 0.4411 0.4469 0.0000
vt 0.3512 0.4597 0.0000
vt 0.3616 0.4294 0.0000
vt 0.2737 0.4209 0.0000
vt 0.2888 0.3958 0.0000
vt 0.2034 0.3698 0.0000
vt 0.2248 0.3474 0.0000
vt 0.1433 0.3032 0.0000
vt 0.1697 0.2847 0.0000
vt 0.0953 0.2233 0.0000
vt 0.1259 0.2087 0.0000
vt 0.5874 0.1485 0.0000
vt 0.8350 0.2823 0.0000
vt 0.8748 0.0723 0.0000
vt 0.8924 0.0030 0.0000
vt 0.9206 0.1532 0.0000
vt 0.9900 0.1719 0.0000
vt 0.8107 0.0890 0.0000
vt 0.7602 0.0389 0.0000
vt 0.8214 0.0034 0.0000
vt 0.8406 0.0721 0.0000
vt 0.7941 0.1188 0.0000
vt 0.7248 0.1005 0.0000
vt 0.7937 0.1528 0.0000
vt 0.7248 0.1719 0.0000
vt 0.8105 0.1825 0.0000
vt 0.7605 0.2335 0.0000
vt 0.8220 0.2688 0.0000
vt 0.8925 0.2688 0.0000
vt 0.9539 0.2338 0.0000
vt 0.2149 0.5198 0.0000
vt 0.2087 0.5305 0.0000
vt 0.1980 0.5366 0.0000
vt 0.1919 0.5136 0.0000
vt 0.8047 0.7624 0.0000
vt 0.7474 0.7611 0.0000
vt 0.7630 0.7201 0.0000
vt 0.8074 0.7304 0.0000
vt 0.8315 0.5316 0.0000
vt 0.7940 0.5383 0.0000
vt 0.7875 0.5132 0.0000
vt 0.8269 0.5034 0.0000
vt 0.8370 0.5600 0.0000
vt 0.7979 0.5628 0.0000
vt 0.8394 0.5887 0.0000
vt 0.7993 0.5877 0.0000
vt 0.8392 0.6172 0.0000
vt 0.7976 0.6129 0.0000
vt 0.8331 0.6465 0.0000
vt 0.7928 0.6380 0.0000
vt 0.8235 0.6747 0.0000
vt 0.7855 0.6632 0.0000
vt 0.8137 0.7017 0.0000
vt 0.7755 0.6899 0.0000
vt 0.6641 0.5458 0.0000
vt 0.7284 0.4236 0.0000
vt 0.8403 0.2893 0.0000
vt 0.7513 0.3452 0.0000
vt 0.6760 0.3901 0.0000
vt 0.5999 0.4227 0.0000
vt 0.5215 0.4401 0.0000
vt 0.4417 0.4406 0.0000
vt 0.3637 0.4232 0.0000
vt 0.2919 0.3905 0.0000
vt 0.2291 0.3427 0.0000
vt 0.1754 0.2807 0.0000
vt 0.1322 0.2057 0.0000
vt 0.0978 0.1168 0.0000
vt 0.0602 0.0046 0.0000
vt 0.1966 0.4097 0.0000
vt 0.1939 0.3997 0.0000
vt 0.2132 0.3997 0.0000
vt 0.2105 0.4097 0.0000
vt 0.5748 0.1437 0.0000
vt 0.5609 0.1647 0.0000
vt 0.2298 0.4094 0.0000
vt 0.2225 0.4167 0.0000
vt 0.5409 0.1801 0.0000
vt 0.2395 0.4260 0.0000
vt 0.2295 0.4287 0.0000
vt 0.5184 0.1909 0.0000
vt 0.2395 0.4453 0.0000
vt 0.2295 0.4426 0.0000
vt 0.4941 0.1957 0.0000
vt 0.2298 0.4619 0.0000
vt 0.2225 0.4546 0.0000
vt 0.4690 0.1951 0.0000
vt 0.2132 0.4716 0.0000
vt 0.4445 0.1891 0.0000
vt 0.1939 0.4716 0.0000
vt 0.4214 0.1791 0.0000
vt 0.1773 0.4620 0.0000
vt 0.4010 0.1650 0.0000
vt 0.1676 0.4453 0.0000
vt 0.1776 0.4426 0.0000
vt 0.3853 0.1458 0.0000
vt 0.1676 0.4260 0.0000
vt 0.1776 0.4287 0.0000
vt 0.3746 0.1231 0.0000
vt 0.1773 0.4093 0.0000
vt 0.1845 0.4166 0.0000
vt 0.3696 0.0980 0.0000
vt 0.3735 0.0718 0.0000
vt 0.1946 0.6789 0.0000
vt 0.2340 0.6151 0.0000
vt 0.1883 0.6734 0.0000
vt 0.2274 0.6102 0.0000
vt 0.2785 0.5640 0.0000
vt 0.2735 0.5582 0.0000
vt 0.3324 0.5274 0.0000
vt 0.3292 0.5208 0.0000
vt 0.3915 0.5068 0.0000
vt 0.3901 0.5001 0.0000
vt 0.4532 0.5020 0.0000
vt 0.4536 0.4948 0.0000
vt 0.5148 0.5138 0.0000
vt 0.5170 0.5068 0.0000
vt 0.5720 0.5414 0.0000
vt 0.5761 0.5352 0.0000
vt 0.6201 0.5843 0.0000
vt 0.6258 0.5794 0.0000
vt 0.6545 0.6388 0.0000
vt 0.6614 0.6356 0.0000
vt 0.6741 0.7016 0.0000
vt 0.6818 0.7001 0.0000
vt 0.6775 0.7707 0.0000
vt 0.6858 0.7710 0.0000
vt 0.6681 0.8481 0.0000
vt 0.6773 0.8477 0.0000
vt 0.0346 0.2149 0.0000
vt 0.0320 0.2051 0.0000
vt 0.0526 0.2051 0.0000
vt 0.0500 0.2149 0.0000
vt 0.3608 0.7125 0.0000
vt 0.3675 0.6902 0.0000
vt 0.0704 0.2154 0.0000
vt 0.0633 0.2226 0.0000
vt 0.3813 0.6718 0.0000
vt 0.0808 0.2332 0.0000
vt 0.0709 0.2359 0.0000
vt 0.4003 0.6585 0.0000
vt 0.0808 0.2538 0.0000
vt 0.0710 0.2512 0.0000
vt 0.4221 0.6506 0.0000
vt 0.0705 0.2717 0.0000
vt 0.0633 0.2645 0.0000
vt 0.4450 0.6488 0.0000
vt 0.0526 0.2821 0.0000
vt 0.4677 0.6535 0.0000
vt 0.0320 0.2821 0.0000
vt 0.4886 0.6636 0.0000
vt 0.0141 0.2717 0.0000
vt 0.5057 0.6791 0.0000
vt 0.0038 0.2539 0.0000
vt 0.0136 0.2512 0.0000
vt 0.5177 0.6992 0.0000
vt 0.0038 0.2333 0.0000
vt 0.0137 0.2359 0.0000
vt 0.5242 0.7217 0.0000
vt 0.0142 0.2154 0.0000
vt 0.0213 0.2226 0.0000
vt 0.5232 0.7453 0.0000
vt 0.5145 0.7676 0.0000
vt 0.7403 0.4177 0.0000
vt 0.7584 0.4587 0.0000
vt 0.7711 0.4890 0.0000
vt 0.7806 0.5153 0.0000
vt 0.7874 0.5397 0.0000
vt 0.7913 0.5635 0.0000
vt 0.7925 0.5876 0.0000
vt 0.7909 0.6120 0.0000
vt 0.7862 0.6364 0.0000
vt 0.7786 0.6608 0.0000
vt 0.7679 0.6866 0.0000
vt 0.7542 0.7163 0.0000
vt 0.7347 0.7568 0.0000
vt 0.0062 0.0077 0.0000
vt 0.0104 0.0052 0.0000
vt 0.0129 0.0144 0.0000
vt 0.0037 0.0119 0.0000
vt 0.6612 0.5578 0.0000
vt 0.6669 0.5604 0.0000
vt 0.6717 0.5641 0.0000
vt 0.0153 0.0052 0.0000
vt 0.0196 0.0077 0.0000
vt 0.6753 0.5687 0.0000
vt 0.6775 0.5743 0.0000
vt 0.0220 0.0119 0.0000
vt 0.0220 0.0168 0.0000
vt 0.6792 0.5800 0.0000
vt 0.6800 0.5858 0.0000
vt 0.0196 0.0211 0.0000
vt 0.0153 0.0235 0.0000
vt 0.6792 0.5916 0.0000
vt 0.6772 0.5973 0.0000
vt 0.0104 0.0235 0.0000
vt 0.0062 0.0211 0.0000
vt 0.6748 0.6029 0.0000
vt 0.6714 0.6077 0.0000
vt 0.6668 0.6112 0.0000
vt 0.6612 0.6134 0.0000
vt 0.8578 0.3468 0.0000
vt 0.7760 0.3892 0.0000
vt 0.1995 0.6877 0.0000
vt 0.1968 0.6978 0.0000
vt 0.1192 0.6978 0.0000
vt 0.1165 0.6877 0.0000
vt 0.6975 0.4341 0.0000
vt 0.0520 0.7366 0.0000
vt 0.0446 0.7292 0.0000
vt 0.6141 0.4693 0.0000
vt 0.0133 0.8038 0.0000
vt 0.0031 0.8011 0.0000
vt 0.5262 0.4876 0.0000
vt 0.0133 0.8813 0.0000
vt 0.0031 0.8841 0.0000
vt 0.4361 0.4889 0.0000
vt 0.0520 0.9485 0.0000
vt 0.0446 0.9560 0.0000
vt 0.3477 0.4696 0.0000
vt 0.1165 0.9975 0.0000
vt 0.2681 0.4299 0.0000
vt 0.1995 0.9975 0.0000
vt 0.1960 0.3778 0.0000
vt 0.2714 0.9560 0.0000
vt 0.1343 0.3097 0.0000
vt 0.3027 0.8814 0.0000
vt 0.3129 0.8841 0.0000
vt 0.0849 0.2285 0.0000
vt 0.3027 0.8038 0.0000
vt 0.3129 0.8011 0.0000
vt 0.0448 0.1376 0.0000
vt 0.2639 0.7366 0.0000
vt 0.2714 0.7292 0.0000
vt 0.0025 0.0415 0.0000
vt 0.8267 0.4179 0.0000
vt 0.8264 0.4453 0.0000
vt 0.2159 0.4895 0.0000
vt 0.2087 0.4967 0.0000
vt 0.1980 0.4905 0.0000
vt 0.2007 0.4807 0.0000
vt 0.8330 0.4720 0.0000
vt 0.1857 0.4905 0.0000
vt 0.1830 0.4807 0.0000
vt 0.8422 0.4998 0.0000
vt 0.1750 0.4967 0.0000
vt 0.1678 0.4895 0.0000
vt 0.8460 0.5289 0.0000
vt 0.1688 0.5074 0.0000
vt 0.1590 0.5048 0.0000
vt 0.8530 0.5578 0.0000
vt 0.1688 0.5198 0.0000
vt 0.1590 0.5224 0.0000
vt 0.8542 0.5883 0.0000
vt 0.1750 0.5305 0.0000
vt 0.1678 0.5377 0.0000
vt 0.8550 0.6193 0.0000
vt 0.1857 0.5367 0.0000
vt 0.1830 0.5465 0.0000
vt 0.8495 0.6510 0.0000
vt 0.2007 0.5465 0.0000
vt 0.8379 0.6797 0.0000
vt 0.2159 0.5377 0.0000
vt 0.8274 0.7058 0.0000
vt 0.2248 0.5224 0.0000
vt 0.8220 0.7326 0.0000
vt 0.2149 0.5074 0.0000
vt 0.2248 0.5047 0.0000
vt 0.8207 0.7602 0.0000
vt 0.0037 0.0168 0.0000
# 385 texture coords

o Tree_Circle
g Tree_Circle
usemtl 07___Default
s 1
f 1/1/1 2/2/2 3/3/3 4/4/4 
f 5/5/5 6/6/6 2/2/2 1/1/1 
f 7/7/7 8/8/8 9/9/9 10/10/10 
f 11/11/11 12/12/12 13/13/13 14/14/14 
f 15/15/15 16/16/16 17/17/17 18/18/18 
f 19/19/19 20/20/20 21/21/21 22/22/22 
f 23/23/23 24/24/24 12/12/12 11/11/11 
f 25/25/25 26/26/26 16/16/16 15/15/15 
f 27/27/27 28/28/28 29/29/29 30/30/30 
f 31/31/31 32/32/32 33/33/33 34/34/34 
f 35/35/35 36/36/36 24/24/24 23/23/23 
f 14/14/14 13/13/13 26/26/26 25/25/25 
f 18/18/18 17/17/17 8/8/8 7/7/7 
f 37/37/37 38/38/38 20/20/20 19/19/19 
f 22/22/22 21/21/21 36/36/36 35/35/35 
f 39/39/39 40/40/40 41/41/41 42/42/42 
f 43/43/43 44/44/44 29/29/29 28/28/28 
f 45/45/45 46/46/46 47/47/47 48/48/48 
f 49/49/49 50/50/50 51/51/51 52/52/52 
f 53/53/53 54/54/54 55/55/55 56/56/56 
f 57/57/57 58/58/58 59/59/59 60/60/60 
f 61/61/61 62/62/62 46/46/46 45/45/45 
f 63/63/63 64/64/64 44/44/44 43/43/43 
f 65/65/65 27/66/27 30/67/30 66/68/66 
f 67/69/67 68/70/68 58/58/58 57/57/57 
f 69/71/69 70/72/70 62/62/62 61/61/61 
f 48/48/48 47/47/47 64/64/64 63/63/63 
f 65/65/65 66/68/66 68/70/68 67/69/67 
f 60/60/60 59/59/59 70/72/70 69/71/69 
f 71/73/71 72/74/72 50/50/50 49/49/49 
f 73/75/73 74/76/74 75/77/75 76/78/76 
f 77/79/77 78/80/78 74/76/74 73/75/73 
f 79/81/79 80/82/80 81/83/81 82/84/82 
f 83/85/83 84/86/84 85/87/85 86/88/86 
f 87/89/87 88/90/88 89/91/89 90/92/90 
f 91/93/91 92/94/92 78/80/78 77/79/77 
f 82/84/82 81/83/81 84/86/84 83/85/83 
f 93/95/93 94/96/94 89/91/89 88/90/88 
f 95/97/95 96/98/96 92/94/92 91/93/91 
f 97/99/97 98/100/98 99/101/99 100/102/100 
f 86/88/86 85/87/85 94/96/94 93/95/93 
f 95/97/95 87/89/87 90/92/90 96/98/96 
f 101/103/101 102/104/102 103/105/103 104/106/104 
f 4/107/4 3/108/3 105/109/105 106/110/106 
f 107/111/107 108/112/108 109/113/109 110/114/110 
f 111/115/111 112/116/112 108/112/108 107/111/107 
f 113/117/113 114/118/114 112/116/112 111/115/111 
f 115/119/115 116/120/116 114/118/114 113/117/113 
f 117/121/117 118/122/118 116/120/116 115/119/115 
f 119/123/119 120/124/120 118/122/118 117/121/117 
f 121/125/121 122/126/122 120/124/120 119/123/119 
f 106/110/106 105/109/105 122/126/122 121/125/121 
f 10/10/10 9/9/9 38/127/38 37/128/37 
f 110/114/110 109/113/109 6/6/6 5/5/5 
f 123/129/123 124/130/124 99/101/99 98/100/98 
f 125/131/125 97/99/97 100/102/100 126/132/126 
f 127/133/127 128/134/128 129/135/129 130/136/130 
f 131/137/131 132/138/132 128/134/128 127/133/127 
f 133/139/133 134/140/134 132/138/132 131/137/131 
f 135/141/135 136/142/136 134/140/134 133/139/133 
f 41/41/41 137/143/137 136/142/136 135/141/135 
f 40/40/40 138/144/138 137/143/137 41/41/41 
f 39/39/39 139/145/139 138/144/138 40/40/40 
f 125/131/125 126/132/126 139/145/139 39/39/39 
f 130/136/130 129/135/129 124/130/124 123/129/123 
f 140/146/140 141/147/141 142/148/142 143/149/143 
f 52/150/52 51/151/51 144/152/144 145/153/145 
f 146/154/146 147/155/147 148/156/148 149/157/149 
f 146/154/146 150/158/150 151/159/151 147/155/147 
f 150/158/150 152/160/152 153/161/153 151/159/151 
f 152/160/152 154/162/154 155/163/155 153/161/153 
f 154/162/154 156/164/156 157/165/157 155/163/155 
f 158/166/158 159/167/159 157/165/157 156/164/156 
f 160/168/160 161/169/161 159/167/159 158/166/158 
f 145/153/145 144/152/144 161/169/161 160/168/160 
f 76/78/76 75/77/75 80/170/80 79/171/79 
f 149/157/149 148/156/148 72/74/72 71/73/71 
f 37/128/37 162/172/162 163/173/163 10/10/10 
f 162/172/164 3/3/3 2/2/2 163/173/165 
f 10/10/10 163/173/163 164/174/166 7/7/7 
f 163/173/165 2/2/2 6/6/6 164/174/167 
f 7/7/7 164/174/166 165/175/168 18/18/18 
f 164/174/167 6/6/6 109/113/109 165/175/169 
f 18/18/18 165/175/168 166/176/170 15/15/15 
f 165/175/169 109/113/109 108/112/108 166/176/171 
f 15/15/15 166/176/170 167/177/172 25/25/25 
f 166/176/171 108/112/108 112/116/112 167/177/173 
f 25/25/25 167/177/172 168/178/174 14/14/14 
f 167/177/173 112/116/112 114/118/114 168/178/175 
f 14/14/14 168/178/174 169/179/176 11/11/11 
f 168/178/175 114/118/114 116/120/116 169/179/177 
f 11/11/11 169/179/176 170/180/178 23/23/23 
f 169/179/177 116/120/116 118/122/118 170/180/179 
f 23/23/23 170/180/178 171/181/180 35/35/35 
f 170/180/179 118/122/118 120/124/120 171/181/181 
f 35/35/35 171/181/180 172/182/182 22/22/22 
f 171/181/181 120/124/120 122/126/122 172/182/183 
f 22/22/22 172/182/182 173/183/184 19/19/19 
f 172/182/183 122/126/122 105/109/105 173/183/185 
f 19/19/19 173/183/184 162/184/162 37/37/37 
f 173/183/185 105/109/105 3/108/3 162/184/164 
f 174/185/186 175/186/187 176/187/188 177/188/189 
f 175/189/187 38/127/38 9/9/9 176/190/188 
f 177/188/189 176/187/188 178/191/190 179/192/191 
f 176/190/188 9/9/9 8/8/8 178/193/190 
f 179/192/191 178/191/190 180/194/192 181/195/193 
f 178/193/190 8/8/8 17/17/17 180/196/192 
f 181/195/193 180/194/192 182/197/194 183/198/195 
f 180/196/192 17/17/17 16/16/16 182/199/194 
f 183/198/195 182/197/194 184/200/196 185/201/197 
f 182/199/194 16/16/16 26/26/26 184/202/196 
f 185/201/197 184/200/196 186/203/198 31/31/31 
f 184/202/196 26/26/26 13/13/13 186/204/198 
f 31/31/31 186/203/198 187/205/199 32/32/32 
f 186/204/198 13/13/13 12/12/12 187/206/199 
f 32/32/32 187/205/199 188/207/200 33/33/33 
f 187/206/199 12/12/12 24/24/24 188/208/200 
f 33/33/33 188/207/200 189/209/201 190/210/202 
f 188/208/200 24/24/24 36/36/36 189/211/201 
f 190/210/202 189/209/201 191/212/203 192/213/204 
f 189/211/201 36/36/36 21/21/21 191/214/203 
f 192/213/204 191/212/203 193/215/205 194/216/206 
f 191/214/203 21/21/21 20/20/20 193/217/205 
f 194/216/206 193/215/205 175/186/187 174/185/186 
f 193/217/205 20/20/20 38/38/38 175/218/187 
f 27/27/27 195/219/207 196/220/208 28/28/28 
f 195/219/209 100/221/100 99/222/99 196/220/210 
f 28/28/28 196/220/208 197/223/211 43/43/43 
f 196/220/210 99/222/99 124/224/124 197/223/212 
f 43/43/43 197/223/211 198/225/213 63/63/63 
f 197/223/212 124/224/124 129/226/129 198/225/214 
f 63/63/63 198/225/213 199/227/215 48/48/48 
f 198/225/214 129/226/129 128/228/128 199/227/216 
f 48/48/48 199/227/215 200/229/217 45/45/45 
f 199/227/216 128/228/128 132/230/132 200/229/218 
f 45/45/45 200/229/217 201/231/219 61/61/61 
f 200/229/218 132/230/132 134/232/134 201/231/220 
f 61/61/61 201/231/219 202/233/221 69/71/69 
f 201/231/220 134/232/134 136/234/136 202/233/222 
f 69/71/69 202/233/221 203/235/223 60/60/60 
f 202/233/222 136/234/136 137/236/137 203/235/224 
f 60/60/60 203/235/223 204/237/225 57/57/57 
f 203/235/224 137/236/137 138/238/138 204/237/226 
f 57/57/57 204/237/225 205/239/227 67/69/67 
f 204/237/226 138/238/138 139/240/139 205/239/228 
f 67/69/67 205/239/227 206/241/229 65/65/65 
f 205/239/228 139/240/139 126/242/126 206/241/230 
f 65/65/65 206/241/229 195/243/207 27/66/27 
f 206/241/230 126/242/126 100/244/100 195/243/209 
f 207/245/231 208/246/232 209/247/233 210/248/234 
f 208/249/232 30/30/30 29/29/29 209/250/233 
f 210/248/234 209/247/233 211/251/235 212/252/236 
f 209/250/233 29/29/29 44/44/44 211/253/235 
f 212/252/236 211/251/235 213/254/237 214/255/238 
f 211/253/235 44/44/44 64/64/64 213/256/237 
f 214/255/238 213/254/237 215/257/239 216/258/240 
f 213/256/237 64/64/64 47/47/47 215/259/239 
f 216/258/240 215/257/239 217/260/241 218/261/242 
f 215/259/239 47/47/47 46/46/46 217/262/241 
f 218/261/242 217/260/241 219/263/243 53/53/53 
f 217/262/241 46/46/46 62/62/62 219/264/243 
f 53/53/53 219/263/243 220/265/244 54/54/54 
f 219/264/243 62/62/62 70/72/70 220/266/244 
f 54/54/54 220/265/244 221/267/245 55/55/55 
f 220/266/244 70/72/70 59/59/59 221/268/245 
f 55/55/55 221/267/245 222/269/246 223/270/247 
f 221/268/245 59/59/59 58/58/58 222/271/246 
f 223/270/247 222/269/246 224/272/248 225/273/249 
f 222/271/246 58/58/58 68/70/68 224/274/248 
f 225/273/249 224/272/248 226/275/250 227/276/251 
f 224/274/248 68/70/68 66/68/66 226/277/250 
f 227/276/251 226/275/250 208/246/232 207/245/231 
f 208/278/232 226/277/250 66/68/66 30/67/30 
f 79/171/79 228/279/252 229/280/253 76/78/76 
f 228/279/254 51/51/51 50/50/50 229/280/255 
f 76/78/76 229/280/253 230/281/256 73/75/73 
f 229/280/255 50/50/50 72/74/72 230/281/257 
f 73/75/73 230/281/256 231/282/258 77/79/77 
f 230/281/257 72/74/72 148/156/148 231/282/259 
f 77/79/77 231/282/258 232/283/260 91/93/91 
f 231/282/259 148/156/148 147/155/147 232/283/261 
f 91/93/91 232/283/260 233/284/262 95/97/95 
f 232/283/261 147/155/147 151/159/151 233/284/263 
f 87/89/87 95/97/95 233/284/262 234/285/264 
f 234/285/265 233/284/263 151/159/151 153/161/153 
f 88/90/88 87/89/87 234/285/264 235/286/266 
f 235/286/267 234/285/265 153/161/153 155/163/155 
f 88/90/88 235/286/266 236/287/268 93/95/93 
f 235/286/267 155/163/155 157/165/157 236/287/269 
f 93/95/93 236/287/268 237/288/270 86/88/86 
f 236/287/269 157/165/157 159/167/159 237/288/271 
f 86/88/86 237/288/270 238/289/272 83/85/83 
f 237/288/271 159/167/159 161/169/161 238/289/273 
f 83/85/83 238/289/272 239/290/274 82/84/82 
f 238/289/273 161/169/161 144/152/144 239/290/275 
f 82/84/82 239/290/274 228/291/252 79/81/79 
f 239/290/275 144/152/144 51/151/51 228/291/254 
f 240/292/276 241/293/277 242/294/278 243/295/279 
f 244/296/280 80/170/80 75/77/75 245/297/281 
f 245/297/281 75/77/75 74/76/74 243/298/279 
f 246/299/282 247/300/283 242/294/278 241/293/277 
f 243/298/279 74/76/74 78/80/78 240/301/276 
f 240/301/276 78/80/78 92/94/92 241/302/277 
f 248/303/284 249/304/285 242/294/278 247/300/283 
f 246/305/282 241/302/277 92/94/92 96/98/96 
f 247/306/283 246/305/282 96/98/96 90/92/90 
f 250/307/286 251/308/287 242/294/278 249/304/285 
f 248/309/284 247/306/283 90/92/90 89/91/89 
f 249/310/285 248/309/284 89/91/89 94/96/94 
f 252/311/288 244/312/280 242/294/278 251/308/287 
f 249/310/285 94/96/94 85/87/85 250/313/286 
f 250/313/286 85/87/85 84/86/84 251/314/287 
f 251/314/287 84/86/84 81/83/81 252/315/288 
f 252/315/288 81/83/81 80/82/80 244/316/280 
f 4/4/4 253/317/289 254/318/290 1/1/1 
f 253/319/289 255/320/291 256/321/292 254/322/290 
f 1/1/1 254/318/290 257/323/293 5/5/5 
f 254/322/290 256/321/292 258/324/294 257/325/293 
f 5/5/5 257/323/293 259/326/295 110/114/110 
f 257/325/293 258/324/294 260/327/296 259/328/295 
f 110/114/110 259/326/295 261/329/297 107/111/107 
f 259/328/295 260/327/296 262/330/298 261/331/297 
f 107/111/107 261/329/297 263/332/299 111/115/111 
f 261/331/297 262/330/298 264/333/300 263/334/299 
f 111/115/111 263/332/299 265/335/301 113/117/113 
f 263/334/299 264/333/300 103/105/103 265/336/301 
f 113/117/113 265/335/301 266/337/302 115/119/115 
f 265/336/301 103/105/103 102/104/102 266/338/302 
f 115/119/115 266/337/302 267/339/303 117/121/117 
f 266/338/302 102/104/102 101/103/101 267/340/303 
f 117/121/117 267/339/303 268/341/304 119/123/119 
f 267/340/303 101/103/101 269/342/305 268/343/304 
f 119/123/119 268/341/304 270/344/306 121/125/121 
f 268/343/304 269/342/305 271/345/307 270/346/306 
f 121/125/121 270/344/306 272/347/308 106/110/106 
f 270/346/306 271/345/307 273/348/309 272/349/308 
f 106/110/106 272/347/308 253/350/289 4/107/4 
f 272/349/308 273/348/309 255/320/291 253/319/289 
f 52/52/52 274/351/310 275/352/311 49/49/49 
f 274/353/310 276/354/312 277/355/313 275/356/311 
f 49/49/49 275/352/311 278/357/314 71/73/71 
f 275/356/311 277/355/313 279/358/315 278/359/314 
f 71/73/71 278/357/314 280/360/316 149/157/149 
f 278/359/314 279/358/315 281/361/317 280/362/316 
f 149/157/149 280/360/316 282/363/318 146/154/146 
f 280/362/316 281/361/317 283/364/319 282/365/318 
f 146/154/146 282/363/318 284/366/320 150/158/150 
f 282/365/318 283/364/319 285/367/321 284/368/320 
f 152/160/152 150/158/150 284/366/320 286/369/322 
f 284/368/320 285/367/321 287/370/323 286/371/322 
f 154/162/154 152/160/152 286/369/322 288/372/324 
f 286/371/322 287/370/323 289/373/325 288/374/324 
f 154/162/154 288/372/324 290/375/326 156/164/156 
f 288/374/324 289/373/325 142/148/142 290/376/326 
f 156/164/156 290/375/326 291/377/327 158/166/158 
f 290/376/326 142/148/142 141/147/141 291/378/327 
f 158/166/158 291/377/327 292/379/328 160/168/160 
f 291/378/327 141/147/141 140/146/140 292/380/328 
f 160/168/160 292/379/328 293/381/329 145/153/145 
f 292/380/328 140/146/140 294/382/330 293/383/329 
f 145/153/145 293/381/329 274/384/310 52/150/52 
f 293/383/329 294/382/330 276/354/312 274/353/310 
f 103/105/103 264/333/300 262/330/298 104/106/104 
f 271/345/307 269/342/305 101/103/101 104/106/104 
f 255/320/291 104/106/104 258/324/294 256/321/292 
f 273/348/309 271/345/307 104/106/104 255/320/291 
f 104/106/104 262/330/298 260/327/296 258/324/294 
f 183/198/195 185/201/197 31/31/31 34/34/34 
f 34/34/34 192/213/204 194/216/206 174/185/186 
f 181/195/193 183/198/195 34/34/34 179/192/191 
f 34/34/34 33/33/33 190/210/202 192/213/204 
f 179/192/191 34/34/34 174/185/186 177/188/189 
f 42/42/42 133/139/133 131/137/131 127/133/127 
f 125/131/125 39/39/39 42/42/42 97/99/97 
f 42/42/42 127/133/127 130/136/130 123/129/123 
f 42/42/42 41/41/41 135/141/135 133/139/133 
f 97/99/97 42/42/42 123/129/123 98/100/98 
f 216/258/240 218/261/242 53/53/53 56/56/56 
f 55/55/55 223/270/247 225/273/249 56/56/56 
f 212/252/236 56/56/56 207/245/231 210/248/234 
f 56/56/56 225/273/249 227/276/251 207/245/231 
f 214/255/238 216/258/240 56/56/56 212/252/236 
f 143/149/143 287/370/323 285/367/321 283/364/319 
f 294/382/330 140/146/140 143/149/143 276/354/312 
f 143/149/143 283/364/319 281/361/317 279/358/315 
f 143/149/143 142/148/142 289/373/325 287/370/323 
f 276/354/312 143/149/143 279/358/315 277/355/313 
f 245/385/281 243/295/279 242/294/278 244/312/280 
# 288 polygons

#
# object Balls_Roundcube
#

v  -0.2143 0.4468 0.3574
v  -0.2242 0.4725 0.3640
v  -0.2002 0.4768 0.3783
v  -0.1967 0.4562 0.3688
v  -0.2323 0.4373 0.3531
v  -0.2463 0.4633 0.3587
v  -0.2508 0.4277 0.3548
v  -0.2670 0.4501 0.3609
v  -0.2697 0.4181 0.3635
v  -0.2857 0.4321 0.3722
v  -0.2066 0.4920 0.3911
v  -0.2335 0.4906 0.3777
v  -0.2571 0.4819 0.3728
v  -0.2781 0.4672 0.3745
v  -0.2959 0.4452 0.3847
v  -0.2156 0.5024 0.4067
v  -0.2423 0.5025 0.3973
v  -0.2652 0.4946 0.3935
v  -0.2851 0.4801 0.3942
v  -0.3011 0.4577 0.4006
v  -0.2505 0.5068 0.4241
v  -0.2276 0.5074 0.4256
v  -0.2701 0.4999 0.4227
v  -0.2870 0.4877 0.4214
v  -0.3005 0.4692 0.4204
v  -0.2675 0.3973 0.3731
v  -0.2903 0.4079 0.3862
v  -0.2629 0.3819 0.3863
v  -0.2867 0.3900 0.4027
v  -0.2560 0.3712 0.4028
v  -0.2768 0.3773 0.4212
v  -0.2466 0.3659 0.4231
v  -0.2586 0.3709 0.4420
v  -0.3032 0.4217 0.4019
v  -0.3003 0.4036 0.4198
v  -0.2891 0.3897 0.4383
v  -0.2677 0.3813 0.4576
v  -0.3084 0.4379 0.4196
v  -0.3057 0.4214 0.4375
v  -0.2949 0.4073 0.4545
v  -0.2741 0.3964 0.4704
v  -0.3037 0.4573 0.4397
v  -0.3007 0.4446 0.4559
v  -0.2922 0.4312 0.4695
v  -0.2775 0.4170 0.4799
v  -0.2237 0.3665 0.4246
v  -0.2319 0.3708 0.4514
v  -0.2041 0.3733 0.4260
v  -0.2090 0.3787 0.4552
v  -0.1873 0.3856 0.4273
v  -0.1892 0.3931 0.4545
v  -0.1737 0.4040 0.4283
v  -0.1731 0.4156 0.4481
v  -0.2408 0.3827 0.4710
v  -0.2172 0.3914 0.4759
v  -0.1961 0.4060 0.4742
v  -0.1784 0.4281 0.4640
v  -0.2500 0.4008 0.4848
v  -0.2279 0.4100 0.4900
v  -0.2073 0.4231 0.4878
v  -0.1886 0.4412 0.4766
v  -0.2600 0.4265 0.4913
v  -0.2419 0.4360 0.4956
v  -0.2235 0.4456 0.4939
v  -0.2046 0.4552 0.4852
v  -0.1705 0.4160 0.4090
v  -0.1659 0.4354 0.4292
v  -0.1736 0.4287 0.3928
v  -0.1686 0.4519 0.4112
v  -0.1820 0.4421 0.3792
v  -0.1794 0.4660 0.3942
v  -0.1710 0.4516 0.4468
v  -0.1740 0.4697 0.4289
v  -0.1851 0.4836 0.4104
v  -0.1840 0.4654 0.4625
v  -0.1875 0.4832 0.4460
v  -0.1975 0.4960 0.4276
v  -0.2067 0.4760 0.4756
v  -0.2114 0.4914 0.4624
v  -0.2182 0.5021 0.4459
v  -0.1855 0.3936 0.4002
v  -0.2050 0.3792 0.3966
v  -0.2283 0.3712 0.3971
v  -0.1898 0.4069 0.3799
v  -0.2104 0.3923 0.3751
v  -0.2344 0.3835 0.3767
v  -0.1990 0.4242 0.3652
v  -0.2192 0.4112 0.3601
v  -0.2418 0.4018 0.3622
v  -0.2460 0.5020 0.4516
v  -0.2692 0.4941 0.4522
v  -0.2887 0.4797 0.4486
v  -0.2398 0.4898 0.4720
v  -0.2639 0.4810 0.4736
v  -0.2845 0.4664 0.4688
v  -0.2325 0.4714 0.4866
v  -0.2551 0.4621 0.4886
v  -0.2752 0.4491 0.4835
v  0.4272 0.4426 0.1498
v  0.4453 0.4637 0.1444
v  0.4663 0.4457 0.1504
v  0.4476 0.4324 0.1518
v  0.4101 0.4538 0.1538
v  0.4262 0.4786 0.1482
v  0.3959 0.4659 0.1632
v  0.4086 0.4910 0.1600
v  0.3929 0.5003 0.1817
v  0.3851 0.4790 0.1786
v  0.4813 0.4594 0.1549
v  0.4618 0.4814 0.1488
v  0.4425 0.4978 0.1529
v  0.4234 0.5099 0.1651
v  0.4047 0.5165 0.1877
v  0.4768 0.4964 0.1611
v  0.4931 0.4735 0.1646
v  0.4590 0.5127 0.1657
v  0.4401 0.5237 0.1768
v  0.4198 0.5282 0.1960
v  0.4902 0.5079 0.1832
v  0.5013 0.4881 0.1803
v  0.4759 0.5221 0.1888
v  0.4589 0.5312 0.1966
v  0.4388 0.5347 0.2071
v  0.3755 0.4684 0.1966
v  0.3803 0.4946 0.2065
v  0.3730 0.4584 0.2147
v  0.3771 0.4847 0.2287
v  0.3765 0.4489 0.2329
v  0.3814 0.4717 0.2490
v  0.3952 0.4545 0.2669
v  0.3870 0.4400 0.2512
v  0.3929 0.5137 0.2152
v  0.3900 0.5044 0.2389
v  0.3941 0.4898 0.2597
v  0.4071 0.4687 0.2766
v  0.4118 0.5272 0.2232
v  0.4099 0.5189 0.2462
v  0.4129 0.5044 0.2658
v  0.4221 0.4824 0.2812
v  0.4385 0.5338 0.2300
v  0.4388 0.5267 0.2496
v  0.4395 0.5143 0.2663
v  0.4407 0.4957 0.2797
v  0.3982 0.4201 0.2483
v  0.4116 0.4317 0.2705
v  0.4293 0.4153 0.2659
v  0.4125 0.4060 0.2428
v  0.4295 0.3968 0.2350
v  0.4483 0.4043 0.2548
v  0.4496 0.3933 0.2245
v  0.4686 0.3999 0.2356
v  0.4266 0.4467 0.2828
v  0.4459 0.4302 0.2787
v  0.4649 0.4181 0.2664
v  0.4837 0.4116 0.2439
v  0.4431 0.4644 0.2872
v  0.4622 0.4495 0.2833
v  0.4798 0.4370 0.2715
v  0.4954 0.4277 0.2498
v  0.4612 0.4855 0.2818
v  0.4783 0.4743 0.2777
v  0.4925 0.4622 0.2684
v  0.5033 0.4491 0.2530
v  0.4766 0.4008 0.2084
v  0.4499 0.3943 0.2015
v  0.4496 0.4014 0.1819
v  0.4784 0.4092 0.1854
v  0.4489 0.4138 0.1652
v  0.4754 0.4237 0.1658
v  0.4955 0.4143 0.2164
v  0.4984 0.4237 0.1926
v  0.4943 0.4382 0.1719
v  0.5081 0.4335 0.2251
v  0.5113 0.4433 0.2028
v  0.5069 0.4564 0.1825
v  0.5128 0.4596 0.2350
v  0.5154 0.4696 0.2169
v  0.5119 0.4791 0.1987
v  0.4223 0.3965 0.2076
v  0.4013 0.4069 0.2149
v  0.3856 0.4239 0.2232
v  0.4198 0.4046 0.1845
v  0.3977 0.4158 0.1911
v  0.3815 0.4332 0.2009
v  0.4211 0.4194 0.1650
v  0.4001 0.4308 0.1704
v  0.3844 0.4468 0.1806
v  0.5028 0.5042 0.2083
v  0.4871 0.5211 0.2166
v  0.4661 0.5315 0.2240
v  0.5068 0.4949 0.2307
v  0.4907 0.5123 0.2405
v  0.4685 0.5234 0.2471
v  0.5039 0.4813 0.2509
v  0.4883 0.4972 0.2611
v  0.4672 0.5086 0.2666
v  0.1804 0.5963 0.2545
v  0.2034 0.5824 0.2635
v  0.1900 0.5655 0.2557
v  0.1688 0.5711 0.2489
v  0.1487 0.5766 0.2490
v  0.1574 0.6048 0.2545
v  0.1295 0.5820 0.2552
v  0.1344 0.6091 0.2619
v  0.1114 0.5872 0.2683
v  0.1113 0.6079 0.2783
v  0.1889 0.6151 0.2679
v  0.2117 0.5971 0.2757
v  0.1652 0.6249 0.2685
v  0.1408 0.6284 0.2756
v  0.1155 0.6237 0.2911
v  0.2155 0.6100 0.2916
v  0.1947 0.6287 0.2875
v  0.1723 0.6386 0.2890
v  0.1486 0.6415 0.2949
v  0.1234 0.6355 0.3064
v  0.1973 0.6359 0.3148
v  0.2143 0.6207 0.3119
v  0.1784 0.6442 0.3178
v  0.1580 0.6468 0.3211
v  0.1357 0.6425 0.3244
v  0.0947 0.5925 0.2954
v  0.1009 0.5700 0.2792
v  0.0967 0.5548 0.2929
v  0.0886 0.5761 0.3126
v  0.0977 0.5414 0.3088
v  0.0909 0.5589 0.3300
v  0.1038 0.5407 0.3475
v  0.1050 0.5300 0.3273
v  0.0980 0.6105 0.3117
v  0.0916 0.5942 0.3305
v  0.0941 0.5755 0.3478
v  0.1076 0.5536 0.3634
v  0.1089 0.6249 0.3283
v  0.1035 0.6099 0.3470
v  0.1052 0.5913 0.3629
v  0.1159 0.5684 0.3756
v  0.1294 0.6348 0.3451
v  0.1264 0.6225 0.3617
v  0.1262 0.6062 0.3747
v  0.1293 0.5852 0.3835
v  0.1220 0.5148 0.3244
v  0.1246 0.5220 0.3517
v  0.1409 0.5065 0.3213
v  0.1470 0.5121 0.3502
v  0.1613 0.5040 0.3181
v  0.1707 0.5093 0.3443
v  0.1959 0.5152 0.3328
v  0.1836 0.5082 0.3147
v  0.1304 0.5357 0.3713
v  0.1541 0.5258 0.3707
v  0.1785 0.5223 0.3636
v  0.2038 0.5270 0.3480
v  0.1389 0.5544 0.3846
v  0.1619 0.5459 0.3846
v  0.1849 0.5417 0.3773
v  0.2080 0.5429 0.3609
v  0.1505 0.5796 0.3903
v  0.1706 0.5742 0.3902
v  0.1898 0.5688 0.3840
v  0.2079 0.5635 0.3709
v  0.1899 0.5159 0.2940
v  0.2104 0.5258 0.3109
v  0.1929 0.5282 0.2775
v  0.2158 0.5408 0.2922
v  0.1931 0.5445 0.2645
v  0.2141 0.5594 0.2762
v  0.2213 0.5402 0.3275
v  0.2277 0.5565 0.3087
v  0.2252 0.5753 0.2913
v  0.2246 0.5582 0.3438
v  0.2307 0.5747 0.3266
v  0.2284 0.5918 0.3092
v  0.2184 0.5807 0.3599
v  0.2226 0.5959 0.3463
v  0.2215 0.6093 0.3304
v  0.1623 0.5102 0.2905
v  0.1380 0.5131 0.2921
v  0.1163 0.5229 0.2978
v  0.1640 0.5239 0.2702
v  0.1386 0.5275 0.2709
v  0.1159 0.5373 0.2779
v  0.1661 0.5437 0.2559
v  0.1419 0.5481 0.2560
v  0.1200 0.5565 0.2632
v  0.2030 0.6278 0.3413
v  0.1813 0.6376 0.3470
v  0.1570 0.6405 0.3487
v  0.2034 0.6135 0.3613
v  0.1807 0.6232 0.3683
v  0.1553 0.6268 0.3690
v  0.1993 0.5942 0.3759
v  0.1774 0.6026 0.3832
v  0.1532 0.6070 0.3833
v  0.1827 0.9286 -0.0068
v  0.2027 0.9471 -0.0147
v  0.2215 0.9260 -0.0122
v  0.2015 0.9155 -0.0080
v  0.1683 0.9420 -0.0000
v  0.1867 0.9644 -0.0078
v  0.1732 0.9789 0.0067
v  0.1576 0.9557 0.0115
v  0.1625 0.9896 0.0307
v  0.1513 0.9697 0.0286
v  0.2388 0.9373 -0.0099
v  0.2220 0.9621 -0.0128
v  0.2062 0.9810 -0.0055
v  0.1912 0.9952 0.0096
v  0.1773 1.0037 0.0349
v  0.2408 0.9743 -0.0028
v  0.2540 0.9493 -0.0020
v  0.2265 0.9929 0.0047
v  0.2113 1.0061 0.0187
v  0.1950 1.0128 0.0409
v  0.2589 0.9831 0.0171
v  0.2665 0.9620 0.0124
v  0.2479 0.9990 0.0250
v  0.2338 1.0102 0.0354
v  0.2162 1.0162 0.0490
v  0.1431 0.9601 0.0477
v  0.1531 0.9849 0.0570
v  0.1519 0.9749 0.0794
v  0.1419 0.9499 0.0659
v  0.1467 0.9394 0.0832
v  0.1573 0.9607 0.0986
v  0.1585 0.9284 0.0996
v  0.1710 0.9412 0.1140
v  0.1696 1.0018 0.0639
v  0.1690 0.9922 0.0877
v  0.1740 0.9765 0.1074
v  0.1861 0.9531 0.1219
v  0.1912 1.0122 0.0690
v  0.1917 1.0034 0.0919
v  0.1954 0.9880 0.1106
v  0.2035 0.9644 0.1242
v  0.2193 1.0146 0.0716
v  0.2215 1.0069 0.0909
v  0.2229 0.9939 0.1072
v  0.2235 0.9749 0.1200
v  0.1661 0.9073 0.0948
v  0.1842 0.9161 0.1147
v  0.1771 0.8915 0.0870
v  0.1984 0.8976 0.1073
v  0.1912 0.8802 0.0765
v  0.2137 0.8843 0.0933
v  0.2087 0.8742 0.0630
v  0.2299 0.8776 0.0711
v  0.2029 0.9284 0.1247
v  0.2187 0.9095 0.1175
v  0.2337 0.8952 0.1023
v  0.2477 0.8868 0.0771
v  0.2223 0.9434 0.1267
v  0.2382 0.9260 0.1198
v  0.2518 0.9116 0.1053
v  0.2624 0.9009 0.0813
v  0.2423 0.9618 0.1187
v  0.2567 0.9484 0.1120
v  0.2674 0.9347 0.1005
v  0.2737 0.9207 0.0834
v  0.2057 0.8759 0.0403
v  0.2338 0.8783 0.0430
v  0.2035 0.8836 0.0211
v  0.2333 0.8871 0.0201
v  0.2020 0.8965 0.0048
v  0.2295 0.9025 0.0014
v  0.2554 0.8887 0.0481
v  0.2560 0.8983 0.0243
v  0.2510 0.9140 0.0046
v  0.2719 0.9056 0.0550
v  0.2731 0.9156 0.0326
v  0.2676 0.9297 0.0133
v  0.2819 0.9304 0.0643
v  0.2831 0.9405 0.0461
v  0.2783 0.9510 0.0287
v  0.1799 0.8819 0.0506
v  0.1620 0.8949 0.0612
v  0.1505 0.9137 0.0720
v  0.1752 0.8910 0.0283
v  0.1562 0.9050 0.0383
v  0.1444 0.9241 0.0507
v  0.1757 0.9061 0.0089
v  0.1576 0.9202 0.0177
v  0.1462 0.9379 0.0304
v  0.2745 0.9768 0.0399
v  0.2629 0.9955 0.0508
v  0.2451 1.0086 0.0614
v  0.2805 0.9663 0.0613
v  0.2688 0.9855 0.0736
v  0.2497 0.9995 0.0837
v  0.2788 0.9526 0.0816
v  0.2673 0.9703 0.0943
v  0.2493 0.9844 0.1030
v  -0.1082 0.9549 -0.1116
v  -0.1142 0.9762 -0.1292
v  -0.1153 0.9931 -0.1065
v  -0.1088 0.9730 -0.0975
v  -0.1141 0.9389 -0.1236
v  -0.1210 0.9588 -0.1451
v  -0.1254 0.9248 -0.1340
v  -0.1343 0.9410 -0.1555
v  -0.1431 0.9128 -0.1423
v  -0.1555 0.9225 -0.1590
v  -0.1269 1.0085 -0.1144
v  -0.1274 0.9936 -0.1404
v  -0.1351 0.9762 -0.1576
v  -0.1484 0.9567 -0.1678
v  -0.1689 0.9348 -0.1692
v  -0.1466 1.0076 -0.1466
v  -0.1430 1.0199 -0.1213
v  -0.1549 0.9916 -0.1632
v  -0.1667 0.9723 -0.1728
v  -0.1832 0.9493 -0.1738
v  -0.1641 1.0265 -0.1272
v  -0.1731 1.0176 -0.1463
v  -0.1818 1.0044 -0.1599
v  -0.1903 0.9875 -0.1687
v  -0.1984 0.9663 -0.1719
v  -0.1540 0.8986 -0.1279
v  -0.1739 0.9046 -0.1471
v  -0.1661 0.8912 -0.1127
v  -0.1898 0.8957 -0.1306
v  -0.1793 0.8897 -0.0966
v  -0.2036 0.8942 -0.1104
v  -0.1938 0.8951 -0.0797
v  -0.2149 0.9018 -0.0855
v  -0.1912 0.9175 -0.1588
v  -0.2086 0.9087 -0.1422
v  -0.2222 0.9066 -0.1205
v  -0.2310 0.9131 -0.0925
v  -0.2064 0.9359 -0.1645
v  -0.2237 0.9284 -0.1487
v  -0.2361 0.9255 -0.1278
v  -0.2426 0.9285 -0.1003
v  -0.2188 0.9613 -0.1627
v  -0.2338 0.9567 -0.1490
v  -0.2442 0.9525 -0.1314
v  -0.2491 0.9486 -0.1093
v  -0.1848 0.9040 -0.0605
v  -0.2113 0.9140 -0.0602
v  -0.1761 0.9172 -0.0469
v  -0.2031 0.9301 -0.0436
v  -0.1676 0.9341 -0.0381
v  -0.1912 0.9493 -0.0340
v  -0.1595 0.9553 -0.0349
v  -0.1747 0.9724 -0.0330
v  -0.2305 0.9280 -0.0664
v  -0.2228 0.9455 -0.0492
v  -0.2095 0.9649 -0.0390
v  -0.1890 0.9868 -0.0377
v  -0.2437 0.9454 -0.0776
v  -0.2369 0.9629 -0.0617
v  -0.2236 0.9807 -0.0514
v  -0.2024 0.9991 -0.0479
v  -0.2497 0.9668 -0.0952
v  -0.2439 0.9827 -0.0832
v  -0.2325 0.9969 -0.0729
v  -0.2148 1.0088 -0.0645
v  -0.1391 0.9603 -0.0442
v  -0.1515 0.9857 -0.0423
v  -0.1342 0.9932 -0.0581
v  -0.1241 0.9649 -0.0579
v  -0.1138 0.9692 -0.0755
v  -0.1218 0.9961 -0.0791
v  -0.1667 1.0042 -0.0480
v  -0.1493 1.0130 -0.0646
v  -0.1357 1.0150 -0.0863
v  -0.1840 1.0171 -0.0597
v  -0.1681 1.0260 -0.0762
v  -0.1543 1.0275 -0.0964
v  -0.2040 1.0231 -0.0789
v  -0.1918 1.0305 -0.0941
v  -0.1786 1.0319 -0.1102
v  -0.1417 0.9326 -0.0494
v  -0.1496 0.9120 -0.0602
v  -0.1618 0.8973 -0.0757
v  -0.1236 0.9359 -0.0657
v  -0.1310 0.9145 -0.0778
v  -0.1446 0.8990 -0.0931
v  -0.1120 0.9430 -0.0861
v  -0.1186 0.9229 -0.0986
v  -0.1321 0.9077 -0.1124
v  -0.1961 1.0244 -0.1312
v  -0.2083 1.0096 -0.1466
v  -0.2162 0.9891 -0.1574
v  -0.2133 1.0226 -0.1137
v  -0.2269 1.0072 -0.1291
v  -0.2343 0.9857 -0.1411
v  -0.2258 1.0140 -0.0944
v  -0.2393 0.9988 -0.1082
v  -0.2459 0.9787 -0.1207
v  -0.0292 0.8176 0.2831
v  -0.0273 0.8435 0.2947
v  -0.0050 0.8339 0.3094
v  -0.0103 0.8160 0.2960
v  -0.0491 0.8181 0.2771
v  -0.0507 0.8462 0.2879
v  -0.0700 0.8177 0.2770
v  -0.0751 0.8435 0.2875
v  -0.0918 0.8161 0.2838
v  -0.1007 0.8340 0.2952
v  -0.0052 0.8478 0.3250
v  -0.0287 0.8610 0.3118
v  -0.0533 0.8647 0.3054
v  -0.0787 0.8610 0.3043
v  -0.1051 0.8479 0.3101
v  -0.0330 0.8719 0.3334
v  -0.0099 0.8581 0.3424
v  -0.0567 0.8758 0.3283
v  -0.0809 0.8719 0.3262
v  -0.1056 0.8582 0.3282
v  -0.0407 0.8745 0.3605
v  -0.0201 0.8645 0.3620
v  -0.0611 0.8775 0.3580
v  -0.0815 0.8745 0.3545
v  -0.1016 0.8646 0.3499
v  -0.0998 0.7953 0.2891
v  -0.1166 0.8124 0.3042
v  -0.1035 0.7773 0.2990
v  -0.1226 0.7922 0.3168
v  -0.1034 0.7619 0.3130
v  -0.1208 0.7732 0.3323
v  -0.0990 0.7494 0.3317
v  -0.1091 0.7557 0.3513
v  -0.1234 0.8274 0.3224
v  -0.1302 0.8070 0.3363
v  -0.1278 0.7866 0.3517
v  -0.1139 0.7661 0.3688
v  -0.1223 0.8408 0.3429
v  -0.1286 0.8218 0.3572
v  -0.1266 0.8016 0.3710
v  -0.1141 0.7800 0.3843
v  -0.1113 0.8521 0.3665
v  -0.1155 0.8366 0.3799
v  -0.1149 0.8187 0.3904
v  -0.1088 0.7978 0.3978
v  -0.0784 0.7394 0.3332
v  -0.0861 0.7420 0.3604
v  -0.0580 0.7364 0.3358
v  -0.0624 0.7380 0.3655
v  -0.0376 0.7394 0.3393
v  -0.0382 0.7420 0.3675
v  -0.0175 0.7493 0.3439
v  -0.0135 0.7556 0.3656
v  -0.0904 0.7529 0.3820
v  -0.0658 0.7491 0.3884
v  -0.0404 0.7528 0.3894
v  -0.0140 0.7660 0.3837
v  -0.0918 0.7704 0.3991
v  -0.0684 0.7677 0.4059
v  -0.0440 0.7704 0.4062
v  -0.0184 0.7799 0.3986
v  -0.0899 0.7962 0.4106
v  -0.0700 0.7957 0.4167
v  -0.0491 0.7962 0.4167
v  -0.0273 0.7978 0.4099
v  -0.0078 0.7618 0.3273
v  0.0032 0.7731 0.3508
v  0.0095 0.7920 0.3365
v  -0.0036 0.7772 0.3139
v  -0.0042 0.7952 0.3033
v  0.0075 0.8122 0.3227
v  0.0043 0.7864 0.3714
v  0.0111 0.8069 0.3574
v  0.0087 0.8273 0.3421
v  -0.0025 0.8015 0.3895
v  0.0035 0.8217 0.3770
v  0.0017 0.8406 0.3614
v  -0.0193 0.8186 0.4047
v  -0.0156 0.8366 0.3948
v  -0.0157 0.8520 0.3808
v  -0.0303 0.7505 0.3143
v  -0.0538 0.7472 0.3081
v  -0.0781 0.7506 0.3072
v  -0.0266 0.7677 0.2971
v  -0.0511 0.7650 0.2897
v  -0.0766 0.7677 0.2897
v  -0.0261 0.7896 0.2862
v  -0.0494 0.7881 0.2787
v  -0.0739 0.7897 0.2791
v  -0.0410 0.8633 0.3866
v  -0.0653 0.8666 0.3857
v  -0.0888 0.8634 0.3795
v  -0.0425 0.8462 0.4041
v  -0.0680 0.8489 0.4041
v  -0.0925 0.8462 0.3966
v  -0.0452 0.8242 0.4147
v  -0.0697 0.8257 0.4150
v  -0.0930 0.8242 0.4076
v  0.0864 1.2180 0.0284
v  0.1092 1.2337 0.0344
v  0.1210 1.2103 0.0453
v  0.1012 1.2025 0.0368
v  0.0722 1.2331 0.0270
v  0.0941 1.2530 0.0327
v  0.0584 1.2480 0.0317
v  0.0763 1.2690 0.0383
v  0.0451 1.2626 0.0434
v  0.0552 1.2808 0.0530
v  0.1351 1.2192 0.0577
v  0.1256 1.2460 0.0480
v  0.1105 1.2668 0.0467
v  0.0912 1.2828 0.0521
v  0.0664 1.2928 0.0659
v  0.1366 1.2556 0.0677
v  0.1444 1.2290 0.0736
v  0.1227 1.2758 0.0674
v  0.1037 1.2908 0.0716
v  0.0786 1.2995 0.0814
v  0.1412 1.2618 0.0950
v  0.1479 1.2399 0.0935
v  0.1294 1.2789 0.0966
v  0.1132 1.2918 0.0983
v  0.0918 1.3000 0.1002
v  0.0266 1.2540 0.0540
v  0.0322 1.2772 0.0692
v  0.0143 1.2440 0.0675
v  0.0176 1.2673 0.0862
v  0.0074 1.2328 0.0837
v  0.0097 1.2524 0.1040
v  0.0067 1.2203 0.1029
v  0.0102 1.2311 0.1228
v  0.0436 1.2917 0.0854
v  0.0287 1.2821 0.1040
v  0.0201 1.2658 0.1218
v  0.0195 1.2409 0.1387
v  0.0596 1.2991 0.1025
v  0.0462 1.2902 0.1210
v  0.0371 1.2743 0.1373
v  0.0336 1.2498 0.1512
v  0.0814 1.2978 0.1205
v  0.0716 1.2897 0.1370
v  0.0622 1.2766 0.1502
v  0.0535 1.2576 0.1596
v  0.0134 1.1984 0.1014
v  0.0180 1.2045 0.1287
v  0.0252 1.1813 0.0999
v  0.0319 1.1843 0.1290
v  0.0414 1.1683 0.0981
v  0.0509 1.1693 0.1248
v  0.0628 1.1602 0.0962
v  0.0760 1.1607 0.1150
v  0.0291 1.2141 0.1484
v  0.0441 1.1934 0.1497
v  0.0634 1.1773 0.1443
v  0.0882 1.1673 0.1306
v  0.0454 1.2264 0.1620
v  0.0605 1.2072 0.1638
v  0.0783 1.1912 0.1581
v  0.0994 1.1793 0.1434
v  0.0682 1.2421 0.1680
v  0.0824 1.2270 0.1694
v  0.0962 1.2121 0.1647
v  0.1095 1.1975 0.1530
v  0.0732 1.1623 0.0759
v  0.0950 1.1610 0.0939
v  0.1084 1.1699 0.0754
v  0.0830 1.1704 0.0594
v  0.0924 1.1835 0.0462
v  0.1175 1.1858 0.0591
v  0.1110 1.1684 0.1110
v  0.1259 1.1780 0.0925
v  0.1345 1.1944 0.0746
v  0.1224 1.1829 0.1272
v  0.1371 1.1928 0.1102
v  0.1449 1.2077 0.0924
v  0.1280 1.2061 0.1425
v  0.1403 1.2161 0.1289
v  0.1472 1.2273 0.1127
v  0.0470 1.1716 0.0705
v  0.0277 1.1868 0.0704
v  0.0141 1.2069 0.0744
v  0.0566 1.1814 0.0502
v  0.0368 1.1977 0.0490
v  0.0223 1.2182 0.0543
v  0.0695 1.1965 0.0357
v  0.0512 1.2128 0.0340
v  0.0366 1.2317 0.0396
v  0.1405 1.2533 0.1220
v  0.1269 1.2733 0.1260
v  0.1076 1.2885 0.1259
v  0.1323 1.2419 0.1422
v  0.1178 1.2624 0.1474
v  0.0980 1.2787 0.1462
v  0.1180 1.2284 0.1569
v  0.1034 1.2474 0.1624
v  0.0852 1.2637 0.1607
v  0.3485 0.4785 -0.2031
v  0.3596 0.4927 -0.2250
v  0.3832 0.4776 -0.2213
v  0.3689 0.4684 -0.2059
v  0.3336 0.4920 -0.1976
v  0.3422 0.5095 -0.2204
v  0.3234 0.5083 -0.1896
v  0.3301 0.5277 -0.2092
v  0.3187 0.5281 -0.1790
v  0.3244 0.5475 -0.1898
v  0.3968 0.4903 -0.2307
v  0.3739 0.5087 -0.2369
v  0.3564 0.5270 -0.2328
v  0.3431 0.5452 -0.2205
v  0.3353 0.5634 -0.1978
v  0.3907 0.5261 -0.2410
v  0.4098 0.5061 -0.2349
v  0.3747 0.5444 -0.2371
v  0.3612 0.5611 -0.2252
v  0.3509 0.5760 -0.2034
v  0.4107 0.5453 -0.2351
v  0.4220 0.5254 -0.2331
v  0.3986 0.5617 -0.2310
v  0.3856 0.5751 -0.2216
v  0.3718 0.5850 -0.2063
v  0.3194 0.5282 -0.1560
v  0.3246 0.5553 -0.1625
v  0.3263 0.5281 -0.1364
v  0.3326 0.5573 -0.1394
v  0.3386 0.5278 -0.1195
v  0.3470 0.5549 -0.1197
v  0.3570 0.5274 -0.1059
v  0.3693 0.5468 -0.1041
v  0.3371 0.5749 -0.1701
v  0.3460 0.5781 -0.1463
v  0.3606 0.5745 -0.1254
v  0.3822 0.5625 -0.1084
v  0.3557 0.5887 -0.1785
v  0.3651 0.5922 -0.1561
v  0.3781 0.5883 -0.1357
v  0.3958 0.5752 -0.1178
v  0.3816 0.5949 -0.1880
v  0.3913 0.5978 -0.1698
v  0.4008 0.5946 -0.1515
v  0.4101 0.5844 -0.1332
v  0.3683 0.5075 -0.1040
v  0.3884 0.5267 -0.0981
v  0.3805 0.4911 -0.1081
v  0.4043 0.5084 -0.1020
v  0.3934 0.4777 -0.1174
v  0.4178 0.4917 -0.1139
v  0.4072 0.4678 -0.1328
v  0.4281 0.4768 -0.1357
v  0.4052 0.5441 -0.1021
v  0.4227 0.5258 -0.1063
v  0.4359 0.5076 -0.1186
v  0.4437 0.4895 -0.1413
v  0.4195 0.5601 -0.1141
v  0.4368 0.5433 -0.1187
v  0.4489 0.5251 -0.1299
v  0.4547 0.5053 -0.1493
v  0.4305 0.5743 -0.1360
v  0.4455 0.5609 -0.1415
v  0.4556 0.5445 -0.1494
v  0.4603 0.5247 -0.1601
v  0.3974 0.4579 -0.1510
v  0.4234 0.4642 -0.1606
v  0.4139 0.4606 -0.1830
v  0.3878 0.4550 -0.1693
v  0.3783 0.4582 -0.1876
v  0.4009 0.4646 -0.2034
v  0.4419 0.4779 -0.1690
v  0.4330 0.4747 -0.1928
v  0.4185 0.4783 -0.2137
v  0.4545 0.4975 -0.1766
v  0.4464 0.4955 -0.1997
v  0.4320 0.4979 -0.2194
v  0.4596 0.5246 -0.1830
v  0.4528 0.5247 -0.2027
v  0.4405 0.5250 -0.2196
v  0.3751 0.4654 -0.1353
v  0.3583 0.4801 -0.1251
v  0.3457 0.5004 -0.1195
v  0.3619 0.4620 -0.1557
v  0.3436 0.4771 -0.1459
v  0.3312 0.4985 -0.1392
v  0.3527 0.4658 -0.1781
v  0.3348 0.4805 -0.1698
v  0.3232 0.5008 -0.1623
v  0.4334 0.5524 -0.2196
v  0.4208 0.5727 -0.2140
v  0.4039 0.5874 -0.2038
v  0.4479 0.5543 -0.1999
v  0.4355 0.5757 -0.1932
v  0.4171 0.5908 -0.1834
v  0.4558 0.5520 -0.1768
v  0.4442 0.5723 -0.1693
v  0.4264 0.5870 -0.1610
v  0.0625 0.4097 -0.4566
v  0.0578 0.4169 -0.4836
v  0.0854 0.4124 -0.4884
v  0.0830 0.4061 -0.4664
v  0.0461 0.4190 -0.4477
v  0.0376 0.4279 -0.4751
v  0.0331 0.4332 -0.4397
v  0.0233 0.4444 -0.4639
v  0.0241 0.4531 -0.4328
v  0.0163 0.4675 -0.4489
v  0.0876 0.4238 -0.5056
v  0.0583 0.4304 -0.5041
v  0.0371 0.4425 -0.4962
v  0.0223 0.4591 -0.4835
v  0.0156 0.4814 -0.4644
v  0.0631 0.4490 -0.5193
v  0.0898 0.4398 -0.5188
v  0.0431 0.4615 -0.5124
v  0.0285 0.4766 -0.4996
v  0.0208 0.4949 -0.4794
v  0.0919 0.4610 -0.5273
v  0.0731 0.4741 -0.5280
v  0.0571 0.4862 -0.5223
v  0.0437 0.4976 -0.5112
v  0.0331 0.5080 -0.4937
v  0.0325 0.4624 -0.4135
v  0.0224 0.4849 -0.4274
v  0.0450 0.4721 -0.4000
v  0.0361 0.4982 -0.4120
v  0.0611 0.4823 -0.3914
v  0.0559 0.5083 -0.4015
v  0.0812 0.4929 -0.3885
v  0.0833 0.5141 -0.3970
v  0.0214 0.5028 -0.4442
v  0.0356 0.5176 -0.4288
v  0.0564 0.5272 -0.4171
v  0.0855 0.5301 -0.4102
v  0.0277 0.5171 -0.4631
v  0.0416 0.5318 -0.4493
v  0.0612 0.5404 -0.4372
v  0.0878 0.5416 -0.4274
v  0.0431 0.5267 -0.4849
v  0.0560 0.5393 -0.4746
v  0.0716 0.5466 -0.4628
v  0.0902 0.5478 -0.4494
v  0.1000 0.4799 -0.3878
v  0.1101 0.5049 -0.3965
v  0.1160 0.4677 -0.3935
v  0.1300 0.4924 -0.4034
v  0.1295 0.4564 -0.4046
v  0.1446 0.4774 -0.4162
v  0.1400 0.4459 -0.4221
v  0.1523 0.4590 -0.4364
v  0.1148 0.5236 -0.4117
v  0.1360 0.5114 -0.4195
v  0.1508 0.4948 -0.4323
v  0.1576 0.4726 -0.4514
v  0.1153 0.5371 -0.4322
v  0.1355 0.5260 -0.4407
v  0.1498 0.5095 -0.4519
v  0.1568 0.4865 -0.4669
v  0.1106 0.5442 -0.4592
v  0.1270 0.5349 -0.4681
v  0.1400 0.5207 -0.4760
v  0.1490 0.5008 -0.4830
v  0.1301 0.4272 -0.4308
v  0.1454 0.4368 -0.4526
v  0.1315 0.4221 -0.4665
v  0.1171 0.4146 -0.4412
v  0.1015 0.4073 -0.4530
v  0.1119 0.4135 -0.4786
v  0.1517 0.4511 -0.4716
v  0.1375 0.4363 -0.4870
v  0.1168 0.4267 -0.4987
v  0.1507 0.4690 -0.4883
v  0.1370 0.4557 -0.5038
v  0.1172 0.4457 -0.5143
v  0.1406 0.4916 -0.5023
v  0.1281 0.4818 -0.5158
v  0.1121 0.4717 -0.5244
v  0.1137 0.4331 -0.4085
v  0.0968 0.4447 -0.3950
v  0.0792 0.4607 -0.3887
v  0.0973 0.4181 -0.4189
v  0.0788 0.4294 -0.4052
v  0.0613 0.4469 -0.3983
v  0.0802 0.4098 -0.4344
v  0.0618 0.4203 -0.4221
v  0.0457 0.4373 -0.4147
v  0.0939 0.4933 -0.5270
v  0.0764 0.5092 -0.5208
v  0.0594 0.5208 -0.5073
v  0.1119 0.5070 -0.5175
v  0.0943 0.5245 -0.5106
v  0.0758 0.5358 -0.4969
v  0.1274 0.5166 -0.5011
v  0.1113 0.5336 -0.4937
v  0.0929 0.5441 -0.4814
v  0.1264 0.8459 -0.2070
v  0.1312 0.8563 -0.2330
v  0.1534 0.8387 -0.2346
v  0.1439 0.8331 -0.2144
v  0.1152 0.8617 -0.1991
v  0.1178 0.8755 -0.2257
v  0.1096 0.8800 -0.1909
v  0.1115 0.8962 -0.2141
v  0.1103 0.9012 -0.1822
v  0.1139 0.9185 -0.1968
v  0.1643 0.8485 -0.2493
v  0.1423 0.8689 -0.2508
v  0.1287 0.8896 -0.2442
v  0.1217 0.9106 -0.2311
v  0.1231 0.9319 -0.2099
v  0.1585 0.8836 -0.2621
v  0.1766 0.8620 -0.2594
v  0.1463 0.9040 -0.2562
v  0.1387 0.9235 -0.2432
v  0.1372 0.9418 -0.2216
v  0.1809 0.9005 -0.2653
v  0.1905 0.8797 -0.2641
v  0.1722 0.9187 -0.2601
v  0.1641 0.9345 -0.2492
v  0.1568 0.9477 -0.2319
v  0.1182 0.9036 -0.1608
v  0.1234 0.9290 -0.1722
v  0.1309 0.9047 -0.1443
v  0.1385 0.9324 -0.1531
v  0.1478 0.9046 -0.1321
v  0.1581 0.9302 -0.1386
v  0.1695 0.9033 -0.1248
v  0.1833 0.9210 -0.1295
v  0.1346 0.9460 -0.1859
v  0.1508 0.9504 -0.1666
v  0.1709 0.9473 -0.1508
v  0.1956 0.9345 -0.1396
v  0.1507 0.9563 -0.2014
v  0.1670 0.9609 -0.1836
v  0.1854 0.9575 -0.1677
v  0.2066 0.9443 -0.1544
v  0.1727 0.9581 -0.2191
v  0.1879 0.9617 -0.2052
v  0.2023 0.9592 -0.1904
v  0.2160 0.9498 -0.1745
v  0.1790 0.8825 -0.1236
v  0.2015 0.8994 -0.1268
v  0.1878 0.8643 -0.1289
v  0.2137 0.8790 -0.1328
v  0.1958 0.8484 -0.1397
v  0.2212 0.8595 -0.1457
v  0.2032 0.8352 -0.1570
v  0.2228 0.8412 -0.1673
v  0.2176 0.9140 -0.1381
v  0.2313 0.8933 -0.1448
v  0.2383 0.8724 -0.1579
v  0.2368 0.8511 -0.1791
v  0.2288 0.9267 -0.1560
v  0.2422 0.9075 -0.1632
v  0.2485 0.8868 -0.1749
v  0.2461 0.8645 -0.1922
v  0.2336 0.9370 -0.1819
v  0.2447 0.9213 -0.1898
v  0.2504 0.9030 -0.1980
v  0.2497 0.8818 -0.2068
v  0.1872 0.8248 -0.1699
v  0.2093 0.8267 -0.1876
v  0.1930 0.8221 -0.2053
v  0.1721 0.8213 -0.1837
v  0.1576 0.8238 -0.1985
v  0.1746 0.8255 -0.2212
v  0.2254 0.8370 -0.2030
v  0.2091 0.8325 -0.2224
v  0.1891 0.8357 -0.2381
v  0.2366 0.8540 -0.2167
v  0.2215 0.8506 -0.2358
v  0.2018 0.8528 -0.2504
v  0.2418 0.8794 -0.2282
v  0.2291 0.8783 -0.2447
v  0.2122 0.8783 -0.2569
v  0.1718 0.8368 -0.1493
v  0.1604 0.8544 -0.1366
v  0.1521 0.8767 -0.1304
v  0.1526 0.8329 -0.1640
v  0.1397 0.8512 -0.1514
v  0.1320 0.8746 -0.1443
v  0.1371 0.8355 -0.1829
v  0.1242 0.8531 -0.1717
v  0.1174 0.8754 -0.1640
v  0.2078 0.9063 -0.2585
v  0.1995 0.9285 -0.2523
v  0.1881 0.9462 -0.2397
v  0.2280 0.9083 -0.2446
v  0.2203 0.9318 -0.2375
v  0.2074 0.9500 -0.2249
v  0.2426 0.9075 -0.2249
v  0.2358 0.9298 -0.2172
v  0.2228 0.9474 -0.2060
v  -0.3494 0.3765 -0.3126
v  -0.3704 0.3802 -0.3312
v  -0.3511 0.3904 -0.3492
v  -0.3383 0.3838 -0.3313
v  -0.3605 0.3761 -0.2950
v  -0.3853 0.3794 -0.3117
v  -0.3718 0.3817 -0.2783
v  -0.3967 0.3863 -0.2911
v  -0.3832 0.3943 -0.2629
v  -0.4036 0.4026 -0.2690
v  -0.3636 0.4014 -0.3617
v  -0.3868 0.3920 -0.3451
v  -0.4032 0.3917 -0.3253
v  -0.4143 0.3984 -0.3032
v  -0.4185 0.4142 -0.2779
v  -0.3996 0.4105 -0.3550
v  -0.3760 0.4162 -0.3695
v  -0.4158 0.4111 -0.3365
v  -0.4259 0.4166 -0.3149
v  -0.4286 0.4285 -0.2893
v  -0.3882 0.4355 -0.3718
v  -0.4078 0.4371 -0.3601
v  -0.4216 0.4394 -0.3446
v  -0.4302 0.4424 -0.3259
v  -0.4330 0.4460 -0.3034
v  -0.3707 0.4065 -0.2480
v  -0.3952 0.4208 -0.2489
v  -0.3586 0.4213 -0.2397
v  -0.3827 0.4392 -0.2386
v  -0.3467 0.4382 -0.2371
v  -0.3671 0.4580 -0.2361
v  -0.3351 0.4577 -0.2410
v  -0.3473 0.4770 -0.2434
v  -0.4127 0.4356 -0.2577
v  -0.4005 0.4556 -0.2472
v  -0.3833 0.4745 -0.2443
v  -0.3597 0.4918 -0.2512
v  -0.4244 0.4511 -0.2727
v  -0.4132 0.4709 -0.2634
v  -0.3963 0.4883 -0.2599
v  -0.3722 0.5028 -0.2637
v  -0.4292 0.4672 -0.2956
v  -0.4196 0.4847 -0.2894
v  -0.4052 0.4989 -0.2846
v  -0.3850 0.5094 -0.2816
v  -0.3155 0.4561 -0.2528
v  -0.3237 0.4827 -0.2579
v  -0.3017 0.4538 -0.2682
v  -0.3075 0.4821 -0.2763
v  -0.2931 0.4508 -0.2870
v  -0.2974 0.4766 -0.2980
v  -0.2903 0.4472 -0.3095
v  -0.2947 0.4647 -0.3236
v  -0.3365 0.5011 -0.2678
v  -0.3201 0.5015 -0.2875
v  -0.3090 0.4948 -0.3097
v  -0.3048 0.4790 -0.3350
v  -0.3529 0.5130 -0.2817
v  -0.3380 0.5138 -0.3012
v  -0.3266 0.5069 -0.3218
v  -0.3196 0.4906 -0.3439
v  -0.3739 0.5167 -0.3003
v  -0.3628 0.5171 -0.3179
v  -0.3515 0.5115 -0.3345
v  -0.3401 0.4989 -0.3500
v  -0.2941 0.4260 -0.3173
v  -0.2989 0.4421 -0.3402
v  -0.3101 0.4223 -0.3494
v  -0.3037 0.4085 -0.3235
v  -0.3181 0.3943 -0.3282
v  -0.3270 0.4049 -0.3530
v  -0.3106 0.4576 -0.3552
v  -0.3228 0.4376 -0.3657
v  -0.3400 0.4187 -0.3685
v  -0.3281 0.4724 -0.3640
v  -0.3406 0.4540 -0.3743
v  -0.3562 0.4352 -0.3767
v  -0.3526 0.4866 -0.3649
v  -0.3647 0.4719 -0.3732
v  -0.3766 0.4549 -0.3758
v  -0.2965 0.4228 -0.2893
v  -0.3066 0.4241 -0.2669
v  -0.3228 0.4289 -0.2491
v  -0.3075 0.4015 -0.2945
v  -0.3185 0.4018 -0.2713
v  -0.3350 0.4079 -0.2526
v  -0.3247 0.3856 -0.3021
v  -0.3360 0.3853 -0.2803
v  -0.3510 0.3917 -0.2619
v  -0.4005 0.4643 -0.3637
v  -0.4167 0.4691 -0.3460
v  -0.4268 0.4704 -0.3236
v  -0.3883 0.4853 -0.3602
v  -0.4048 0.4914 -0.3416
v  -0.4158 0.4917 -0.3183
v  -0.3723 0.5014 -0.3509
v  -0.3873 0.5079 -0.3326
v  -0.3986 0.5076 -0.3108
v  -0.1419 0.7608 -0.2933
v  -0.1579 0.7659 -0.3161
v  -0.1351 0.7599 -0.3319
v  -0.1278 0.7556 -0.3106
v  -0.1529 0.7714 -0.2791
v  -0.1724 0.7785 -0.3009
v  -0.1612 0.7868 -0.2677
v  -0.1804 0.7964 -0.2861
v  -0.1662 0.8076 -0.2594
v  -0.1802 0.8209 -0.2718
v  -0.1405 0.7698 -0.3494
v  -0.1662 0.7776 -0.3360
v  -0.1819 0.7913 -0.3210
v  -0.1897 0.8095 -0.3047
v  -0.1875 0.8335 -0.2867
v  -0.1685 0.7948 -0.3534
v  -0.1441 0.7846 -0.3637
v  -0.1835 0.8087 -0.3398
v  -0.1910 0.8253 -0.3234
v  -0.1892 0.8455 -0.3036
v  -0.1631 0.8186 -0.3679
v  -0.1459 0.8049 -0.3742
v  -0.1750 0.8318 -0.3570
v  -0.1823 0.8446 -0.3422
v  -0.1843 0.8569 -0.3230
v  -0.1503 0.8180 -0.2465
v  -0.1653 0.8398 -0.2568
v  -0.1332 0.8283 -0.2407
v  -0.1463 0.8537 -0.2500
v  -0.1149 0.8384 -0.2408
v  -0.1239 0.8637 -0.2500
v  -0.0955 0.8484 -0.2478
v  -0.0972 0.8688 -0.2582
v  -0.1735 0.8563 -0.2730
v  -0.1540 0.8717 -0.2666
v  -0.1302 0.8813 -0.2659
v  -0.1009 0.8835 -0.2725
v  -0.1759 0.8687 -0.2941
v  -0.1573 0.8839 -0.2890
v  -0.1345 0.8926 -0.2873
v  -0.1063 0.8934 -0.2900
v  -0.1715 0.8758 -0.3211
v  -0.1553 0.8887 -0.3185
v  -0.1361 0.8963 -0.3153
v  -0.1136 0.8977 -0.3114
v  -0.0782 0.8347 -0.2541
v  -0.0729 0.8585 -0.2685
v  -0.0663 0.8215 -0.2649
v  -0.0579 0.8446 -0.2821
v  -0.0590 0.8087 -0.2797
v  -0.0504 0.8280 -0.2985
v  -0.0571 0.7964 -0.2990
v  -0.0522 0.8078 -0.3183
v  -0.0752 0.8757 -0.2859
v  -0.0595 0.8620 -0.3009
v  -0.0516 0.8438 -0.3173
v  -0.0539 0.8198 -0.3352
v  -0.0835 0.8874 -0.3058
v  -0.0689 0.8748 -0.3211
v  -0.0610 0.8569 -0.3358
v  -0.0612 0.8324 -0.3501
v  -0.0994 0.8925 -0.3287
v  -0.0884 0.8819 -0.3428
v  -0.0802 0.8665 -0.3543
v  -0.0752 0.8457 -0.3626
v  -0.0699 0.7775 -0.3008
v  -0.0655 0.7846 -0.3279
v  -0.0840 0.7694 -0.3330
v  -0.0861 0.7646 -0.3034
v  -0.1052 0.7571 -0.3066
v  -0.1069 0.7607 -0.3347
v  -0.0679 0.7970 -0.3489
v  -0.0874 0.7816 -0.3553
v  -0.1112 0.7720 -0.3560
v  -0.0760 0.8135 -0.3652
v  -0.0951 0.7996 -0.3719
v  -0.1175 0.7896 -0.3720
v  -0.0911 0.8353 -0.3754
v  -0.1082 0.8250 -0.3813
v  -0.1264 0.8149 -0.3812
v  -0.0750 0.7859 -0.2742
v  -0.0844 0.7992 -0.2559
v  -0.0975 0.8164 -0.2442
v  -0.0943 0.7708 -0.2751
v  -0.1050 0.7840 -0.2559
v  -0.1178 0.8026 -0.2438
v  -0.1164 0.7619 -0.2810
v  -0.1277 0.7742 -0.2630
v  -0.1389 0.7924 -0.2510
v  -0.1439 0.8369 -0.3777
v  -0.1570 0.8541 -0.3660
v  -0.1664 0.8674 -0.3477
v  -0.1236 0.8507 -0.3782
v  -0.1363 0.8694 -0.3660
v  -0.1471 0.8825 -0.3468
v  -0.1024 0.8609 -0.3709
v  -0.1137 0.8791 -0.3589
v  -0.1250 0.8914 -0.3409
v  -0.0334 1.0861 -0.1502
v  -0.0434 1.0870 -0.1767
v  -0.0190 1.0754 -0.1851
v  -0.0168 1.0757 -0.1623
v  -0.0455 1.1007 -0.1416
v  -0.0589 1.1040 -0.1682
v  -0.0537 1.1190 -0.1359
v  -0.0672 1.1256 -0.1599
v  -0.0574 1.1415 -0.1335
v  -0.0665 1.1526 -0.1514
v  -0.0192 1.0813 -0.2051
v  -0.0458 1.0943 -0.2000
v  -0.0622 1.1125 -0.1922
v  -0.0706 1.1346 -0.1824
v  -0.0689 1.1619 -0.1699
v  -0.0421 1.1070 -0.2207
v  -0.0178 1.0925 -0.2226
v  -0.0575 1.1250 -0.2142
v  -0.0658 1.1456 -0.2038
v  -0.0653 1.1697 -0.1889
v  -0.0306 1.1261 -0.2382
v  -0.0145 1.1099 -0.2373
v  -0.0426 1.1425 -0.2334
v  -0.0509 1.1591 -0.2238
v  -0.0551 1.1757 -0.2086
v  -0.0432 1.1532 -0.1199
v  -0.0526 1.1732 -0.1377
v  -0.0263 1.1631 -0.1125
v  -0.0336 1.1866 -0.1298
v  -0.0073 1.1713 -0.1106
v  -0.0106 1.1943 -0.1268
v  0.0144 1.1776 -0.1149
v  0.0176 1.1949 -0.1295
v  -0.0549 1.1860 -0.1585
v  -0.0352 1.2007 -0.1512
v  -0.0110 1.2081 -0.1471
v  0.0190 1.2061 -0.1470
v  -0.0513 1.1932 -0.1817
v  -0.0322 1.2075 -0.1758
v  -0.0092 1.2144 -0.1707
v  0.0188 1.2120 -0.1670
v  -0.0404 1.1933 -0.2079
v  -0.0235 1.2050 -0.2044
v  -0.0045 1.2114 -0.1985
v  0.0167 1.2118 -0.1899
v  0.0305 1.1613 -0.1139
v  0.0419 1.1804 -0.1315
v  0.0424 1.1449 -0.1187
v  0.0574 1.1625 -0.1380
v  0.0508 1.1284 -0.1283
v  0.0657 1.1418 -0.1483
v  0.0549 1.1118 -0.1436
v  0.0652 1.1177 -0.1632
v  0.0457 1.1931 -0.1521
v  0.0621 1.1750 -0.1599
v  0.0705 1.1528 -0.1697
v  0.0687 1.1255 -0.1822
v  0.0433 1.2005 -0.1754
v  0.0588 1.1834 -0.1839
v  0.0671 1.1619 -0.1923
v  0.0664 1.1348 -0.2007
v  0.0332 1.2014 -0.2019
v  0.0453 1.1867 -0.2106
v  0.0535 1.1685 -0.2163
v  0.0573 1.1459 -0.2186
v  0.0403 1.0941 -0.1442
v  0.0511 1.0942 -0.1704
v  0.0321 1.0799 -0.1764
v  0.0233 1.0825 -0.1477
v  0.0044 1.0761 -0.1536
v  0.0090 1.0731 -0.1814
v  0.0548 1.1014 -0.1936
v  0.0351 1.0867 -0.2009
v  0.0108 1.0793 -0.2051
v  0.0525 1.1143 -0.2144
v  0.0335 1.1009 -0.2223
v  0.0104 1.0931 -0.2254
v  0.0430 1.1342 -0.2322
v  0.0262 1.1243 -0.2396
v  0.0071 1.1161 -0.2416
v  0.0311 1.1090 -0.1220
v  0.0200 1.1271 -0.1096
v  0.0073 1.1476 -0.1051
v  0.0104 1.0959 -0.1241
v  -0.0021 1.1141 -0.1111
v  -0.0144 1.1362 -0.1065
v  -0.0110 1.0879 -0.1329
v  -0.0239 1.1050 -0.1210
v  -0.0348 1.1264 -0.1161
v  -0.0074 1.1398 -0.2470
v  -0.0201 1.1604 -0.2426
v  -0.0312 1.1784 -0.2302
v  0.0142 1.1513 -0.2456
v  0.0020 1.1733 -0.2410
v  -0.0106 1.1916 -0.2280
v  0.0346 1.1610 -0.2361
v  0.0238 1.1825 -0.2311
v  0.0109 1.1996 -0.2192
v  -0.2731 0.5790 0.0514
v  -0.2858 0.6037 0.0454
v  -0.2782 0.6124 0.0713
v  -0.2684 0.5917 0.0699
v  -0.2829 0.5668 0.0376
v  -0.2979 0.5911 0.0282
v  -0.2971 0.5550 0.0280
v  -0.3139 0.5755 0.0180
v  -0.3165 0.5437 0.0232
v  -0.3346 0.5561 0.0165
v  -0.2922 0.6276 0.0739
v  -0.3026 0.6215 0.0464
v  -0.3161 0.6092 0.0283
v  -0.3321 0.5921 0.0177
v  -0.3511 0.5688 0.0166
v  -0.3229 0.6337 0.0527
v  -0.3099 0.6381 0.0775
v  -0.3367 0.6225 0.0359
v  -0.3511 0.6056 0.0253
v  -0.3663 0.5818 0.0227
v  -0.3474 0.6392 0.0660
v  -0.3318 0.6430 0.0824
v  -0.3605 0.6296 0.0529
v  -0.3714 0.6152 0.0426
v  -0.3798 0.5950 0.0356
v  -0.3206 0.5243 0.0347
v  -0.3466 0.5329 0.0274
v  -0.3256 0.5110 0.0499
v  -0.3546 0.5172 0.0445
v  -0.3315 0.5028 0.0681
v  -0.3594 0.5076 0.0665
v  -0.3383 0.5005 0.0900
v  -0.3601 0.5055 0.0948
v  -0.3673 0.5461 0.0278
v  -0.3766 0.5302 0.0457
v  -0.3806 0.5197 0.0687
v  -0.3778 0.5159 0.0984
v  -0.3837 0.5630 0.0347
v  -0.3934 0.5486 0.0521
v  -0.3965 0.5376 0.0739
v  -0.3918 0.5311 0.1010
v  -0.3949 0.5845 0.0494
v  -0.4033 0.5738 0.0652
v  -0.4058 0.5629 0.0828
v  -0.4016 0.5518 0.1024
v  -0.3227 0.5044 0.1063
v  -0.3471 0.5098 0.1196
v  -0.3096 0.5139 0.1194
v  -0.3333 0.5211 0.1365
v  -0.2986 0.5284 0.1297
v  -0.3189 0.5380 0.1470
v  -0.2902 0.5486 0.1367
v  -0.3038 0.5618 0.1496
v  -0.3674 0.5221 0.1260
v  -0.3539 0.5344 0.1440
v  -0.3380 0.5515 0.1546
v  -0.3189 0.5747 0.1557
v  -0.3843 0.5399 0.1269
v  -0.3721 0.5525 0.1441
v  -0.3561 0.5681 0.1543
v  -0.3355 0.5874 0.1558
v  -0.3970 0.5645 0.1209
v  -0.3872 0.5767 0.1347
v  -0.3729 0.5885 0.1443
v  -0.3536 0.5998 0.1492
v  -0.2751 0.5591 0.1230
v  -0.2863 0.5806 0.1376
v  -0.2767 0.5950 0.1202
v  -0.2668 0.5698 0.1072
v  -0.2642 0.5807 0.0896
v  -0.2735 0.6059 0.0985
v  -0.3028 0.5975 0.1445
v  -0.2934 0.6134 0.1266
v  -0.2894 0.6239 0.1036
v  -0.3234 0.6107 0.1449
v  -0.3155 0.6264 0.1278
v  -0.3107 0.6360 0.1058
v  -0.3494 0.6192 0.1376
v  -0.3444 0.6326 0.1224
v  -0.3385 0.6408 0.1042
v  -0.2791 0.5342 0.1100
v  -0.2904 0.5170 0.0965
v  -0.3073 0.5060 0.0826
v  -0.2690 0.5449 0.0904
v  -0.2801 0.5274 0.0754
v  -0.2984 0.5155 0.0618
v  -0.2663 0.5595 0.0708
v  -0.2770 0.5435 0.0556
v  -0.2945 0.5314 0.0434
v  -0.3627 0.6375 0.0898
v  -0.3797 0.6266 0.0758
v  -0.3909 0.6094 0.0624
v  -0.3716 0.6280 0.1106
v  -0.3899 0.6162 0.0970
v  -0.4011 0.5986 0.0819
v  -0.3755 0.6122 0.1289
v  -0.3930 0.6001 0.1167
v  -0.4037 0.5840 0.1015
# 1372 vertices

vn 0.3325 0.1489 -0.9313
vn 0.1834 0.5012 -0.8456
vn 0.5211 0.5500 -0.6526
vn 0.5654 0.2745 -0.7778
vn 0.0673 0.0088 -0.9977
vn -0.1254 0.3663 -0.9220
vn -0.2043 -0.1321 -0.9700
vn -0.4183 0.1862 -0.8890
vn -0.4555 -0.2601 -0.8514
vn -0.6702 -0.0738 -0.7385
vn 0.4276 0.7749 -0.4655
vn 0.0586 0.7574 -0.6503
vn -0.2794 0.6330 -0.7220
vn -0.5797 0.4232 -0.6963
vn -0.8227 0.1203 -0.5556
vn 0.2937 0.9267 -0.2343
vn -0.0715 0.9235 -0.3768
vn -0.3957 0.8143 -0.4246
vn -0.6732 0.6085 -0.4201
vn -0.8976 0.3030 -0.3202
vn -0.1722 0.9851 -0.0029
vn 0.1329 0.9910 0.0177
vn -0.4624 0.8864 -0.0233
vn -0.7090 0.7040 -0.0416
vn -0.8880 0.4565 -0.0559
vn -0.4281 -0.5378 -0.7263
vn -0.7426 -0.4015 -0.5360
vn -0.3603 -0.7661 -0.5322
vn -0.6893 -0.6557 -0.3081
vn -0.2585 -0.9221 -0.2879
vn -0.5525 -0.8323 -0.0446
vn -0.1329 -0.9910 -0.0177
vn -0.2937 -0.9267 0.2343
vn -0.9254 -0.2032 -0.3200
vn -0.8841 -0.4629 -0.0637
vn -0.7237 -0.6602 0.2012
vn -0.4276 -0.7749 0.4655
vn -0.9975 0.0208 -0.0671
vn -0.9597 -0.2077 0.1893
vn -0.8074 -0.4100 0.4243
vn -0.5211 -0.5500 0.6526
vn -0.9328 0.2984 0.2021
vn -0.8900 0.1115 0.4421
vn -0.7632 -0.0860 0.6404
vn -0.5654 -0.2745 0.7778
vn 0.1722 -0.9851 0.0029
vn 0.0715 -0.9235 0.3768
vn 0.4624 -0.8864 0.0233
vn 0.3957 -0.8143 0.4246
vn 0.7090 -0.7040 0.0416
vn 0.6732 -0.6085 0.4201
vn 0.8880 -0.4565 0.0559
vn 0.8976 -0.3030 0.3202
vn -0.0586 -0.7574 0.6503
vn 0.2794 -0.6330 0.7220
vn 0.5797 -0.4232 0.6963
vn 0.8227 -0.1203 0.5556
vn -0.1834 -0.5012 0.8456
vn 0.1254 -0.3663 0.9220
vn 0.4183 -0.1862 0.8890
vn 0.6702 0.0738 0.7385
vn -0.3325 -0.1489 0.9313
vn -0.0673 -0.0088 0.9977
vn 0.2043 0.1321 0.9700
vn 0.4555 0.2600 0.8514
vn 0.9328 -0.2984 -0.2021
vn 0.9975 -0.0208 0.0671
vn 0.8900 -0.1115 -0.4421
vn 0.9597 0.2077 -0.1893
vn 0.7632 0.0860 -0.6404
vn 0.8074 0.4100 -0.4243
vn 0.9254 0.2032 0.3200
vn 0.8841 0.4629 0.0637
vn 0.7237 0.6602 -0.2012
vn 0.7426 0.4015 0.5360
vn 0.6893 0.6557 0.3081
vn 0.5525 0.8323 0.0446
vn 0.4281 0.5378 0.7263
vn 0.3603 0.7661 0.5322
vn 0.2585 0.9221 0.2879
vn 0.7242 -0.6018 -0.3366
vn 0.4501 -0.8072 -0.3819
vn 0.1225 -0.9169 -0.3799
vn 0.6684 -0.4116 -0.6195
vn 0.3745 -0.6205 -0.6890
vn 0.0302 -0.7458 -0.6655
vn 0.5341 -0.1710 -0.8279
vn 0.2484 -0.3502 -0.9031
vn -0.0676 -0.4861 -0.8713
vn -0.1225 0.9169 0.3799
vn -0.4501 0.8072 0.3819
vn -0.7242 0.6018 0.3366
vn -0.0302 0.7458 0.6655
vn -0.3745 0.6205 0.6890
vn -0.6684 0.4116 0.6195
vn 0.0676 0.4861 0.8713
vn -0.2484 0.3502 0.9031
vn -0.5341 0.1710 0.8279
vn -0.2244 -0.3080 -0.9246
vn 0.0158 -0.0074 -0.9998
vn 0.2975 -0.2670 -0.9166
vn 0.0484 -0.4432 -0.8951
vn -0.4772 -0.1431 -0.8671
vn -0.2572 0.1975 -0.9460
vn -0.6850 0.0352 -0.7277
vn -0.5005 0.3773 -0.7792
vn -0.7248 0.4945 -0.4798
vn -0.8276 0.2094 -0.5208
vn 0.5196 -0.0650 -0.8519
vn 0.2517 0.2374 -0.9382
vn -0.0237 0.4733 -0.8806
vn -0.2960 0.6454 -0.7042
vn -0.5532 0.7343 -0.3934
vn 0.4589 0.4525 -0.7646
vn 0.6928 0.1432 -0.7068
vn 0.2129 0.6853 -0.6965
vn -0.0574 0.8371 -0.5440
vn -0.3294 0.9048 -0.2699
vn 0.6530 0.6026 -0.4588
vn 0.8002 0.3371 -0.4960
vn 0.4436 0.8125 -0.3783
vn 0.1924 0.9457 -0.2620
vn -0.0758 0.9897 -0.1217
vn -0.9570 0.0692 -0.2818
vn -0.8946 0.4265 -0.1331
vn -0.9968 -0.0782 -0.0152
vn -0.9425 0.2831 0.1776
vn -0.9426 -0.2182 0.2529
vn -0.8785 0.1044 0.4662
vn -0.6928 -0.1432 0.7068
vn -0.8002 -0.3371 0.4960
vn -0.7160 0.6979 -0.0155
vn -0.7586 0.5651 0.3242
vn -0.6989 0.3562 0.6202
vn -0.5196 0.0650 0.8519
vn -0.4515 0.8864 0.1022
vn -0.4725 0.7710 0.4271
vn -0.4354 0.5643 0.7015
vn -0.2975 0.2670 0.9166
vn -0.0796 0.9797 0.1840
vn -0.0760 0.8774 0.4736
vn -0.0652 0.6923 0.7186
vn -0.0484 0.4432 0.8951
vn -0.6530 -0.6026 0.4588
vn -0.4589 -0.4525 0.7646
vn -0.2129 -0.6853 0.6965
vn -0.4436 -0.8125 0.3783
vn -0.1924 -0.9457 0.2620
vn 0.0574 -0.8371 0.5440
vn 0.0758 -0.9897 0.1217
vn 0.3294 -0.9048 0.2699
vn -0.2517 -0.2374 0.9382
vn 0.0237 -0.4733 0.8806
vn 0.2960 -0.6454 0.7042
vn 0.5532 -0.7343 0.3934
vn -0.0158 0.0074 0.9998
vn 0.2572 -0.1975 0.9460
vn 0.5005 -0.3773 0.7792
vn 0.7248 -0.4945 0.4798
vn 0.2244 0.3080 0.9246
vn 0.4772 0.1431 0.8671
vn 0.6850 -0.0352 0.7277
vn 0.8276 -0.2094 0.5208
vn 0.4515 -0.8864 -0.1022
vn 0.0796 -0.9797 -0.1840
vn 0.0760 -0.8774 -0.4736
vn 0.4725 -0.7710 -0.4271
vn 0.0652 -0.6923 -0.7186
vn 0.4354 -0.5643 -0.7015
vn 0.7160 -0.6979 0.0155
vn 0.7586 -0.5651 -0.3242
vn 0.6989 -0.3562 -0.6202
vn 0.8946 -0.4265 0.1331
vn 0.9425 -0.2831 -0.1776
vn 0.8785 -0.1044 -0.4662
vn 0.9570 -0.0692 0.2818
vn 0.9968 0.0782 0.0152
vn 0.9426 0.2182 -0.2529
vn -0.3045 -0.9457 -0.1136
vn -0.5986 -0.8010 -0.0045
vn -0.8208 -0.5611 0.1070
vn -0.3334 -0.8342 -0.4394
vn -0.6511 -0.6757 -0.3456
vn -0.8810 -0.4262 -0.2053
vn -0.3207 -0.6236 -0.7129
vn -0.6158 -0.4593 -0.6402
vn -0.8370 -0.2390 -0.4923
vn 0.8208 0.5611 -0.1070
vn 0.5986 0.8010 0.0045
vn 0.3045 0.9457 0.1136
vn 0.8810 0.4262 0.2053
vn 0.6511 0.6757 0.3456
vn 0.3334 0.8342 0.4394
vn 0.8370 0.2390 0.4923
vn 0.6158 0.4593 0.6402
vn 0.3207 0.6236 0.7129
vn 0.2918 0.2906 -0.9113
vn 0.6045 0.0865 -0.7919
vn 0.4246 -0.1384 -0.8947
vn 0.1429 -0.0639 -0.9877
vn -0.1535 0.0169 -0.9880
vn -0.0340 0.4053 -0.9135
vn -0.4354 0.0962 -0.8951
vn -0.3564 0.4700 -0.8075
vn -0.6752 0.1661 -0.7187
vn -0.6789 0.4418 -0.5864
vn 0.4161 0.5520 -0.7226
vn 0.7283 0.3042 -0.6140
vn 0.0775 0.6939 -0.7159
vn -0.2715 0.7423 -0.6125
vn -0.6187 0.6771 -0.3984
vn 0.7834 0.4933 -0.3782
vn 0.4923 0.7466 -0.4475
vn 0.1786 0.8890 -0.4216
vn -0.1559 0.9260 -0.3438
vn -0.5001 0.8486 -0.1727
vn 0.5398 0.8389 -0.0695
vn 0.7647 0.6352 -0.1079
vn 0.2631 0.9645 -0.0244
vn -0.0384 0.9990 0.0231
vn -0.3351 0.9397 0.0681
vn -0.9088 0.2393 -0.3418
vn -0.8167 -0.0631 -0.5737
vn -0.8818 -0.2873 -0.3740
vn -0.9946 0.0041 -0.1037
vn -0.8637 -0.4844 -0.1390
vn -0.9616 -0.2330 0.1454
vn -0.7834 -0.4933 0.3782
vn -0.7647 -0.6352 0.1079
vn -0.8603 0.4964 -0.1162
vn -0.9525 0.2637 0.1525
vn -0.9162 -0.0046 0.4006
vn -0.7283 -0.3042 0.6140
vn -0.7083 0.6953 0.1220
vn -0.7819 0.4878 0.3882
vn -0.7611 0.2230 0.6091
vn -0.6045 -0.0865 0.7919
vn -0.4197 0.8397 0.3445
vn -0.4652 0.6602 0.5896
vn -0.4668 0.4184 0.7791
vn -0.4246 0.1384 0.8947
vn -0.5398 -0.8389 0.0695
vn -0.4923 -0.7466 0.4475
vn -0.2631 -0.9645 0.0244
vn -0.1786 -0.8890 0.4216
vn 0.0384 -0.9990 -0.0231
vn 0.1559 -0.9260 0.3438
vn 0.5001 -0.8486 0.1727
vn 0.3351 -0.9397 -0.0682
vn -0.4161 -0.5520 0.7226
vn -0.0775 -0.6939 0.7159
vn 0.2715 -0.7423 0.6125
vn 0.6187 -0.6771 0.3984
vn -0.2918 -0.2906 0.9113
vn 0.0340 -0.4053 0.9135
vn 0.3564 -0.4700 0.8075
vn 0.6789 -0.4418 0.5864
vn -0.1429 0.0639 0.9877
vn 0.1535 -0.0169 0.9880
vn 0.4354 -0.0962 0.8951
vn 0.6752 -0.1661 0.7187
vn 0.4197 -0.8397 -0.3445
vn 0.7083 -0.6953 -0.1220
vn 0.4652 -0.6602 -0.5897
vn 0.7819 -0.4878 -0.3882
vn 0.4668 -0.4184 -0.7791
vn 0.7611 -0.2230 -0.6091
vn 0.8603 -0.4964 0.1162
vn 0.9525 -0.2637 -0.1525
vn 0.9162 0.0046 -0.4006
vn 0.9088 -0.2393 0.3418
vn 0.9946 -0.0041 0.1037
vn 0.9616 0.2330 -0.1454
vn 0.8167 0.0631 0.5737
vn 0.8818 0.2873 0.3740
vn 0.8637 0.4844 0.1390
vn 0.0395 -0.9132 -0.4056
vn -0.3027 -0.8753 -0.3771
vn -0.6087 -0.7337 -0.3018
vn 0.0691 -0.7200 -0.6905
vn -0.2946 -0.6700 -0.6814
vn -0.6185 -0.5297 -0.5804
vn 0.0923 -0.4409 -0.8928
vn -0.2468 -0.3744 -0.8938
vn -0.5560 -0.2615 -0.7890
vn 0.6087 0.7337 0.3018
vn 0.3027 0.8753 0.3771
vn -0.0395 0.9132 0.4056
vn 0.6185 0.5297 0.5804
vn 0.2946 0.6700 0.6814
vn -0.0691 0.7200 0.6905
vn 0.5560 0.2615 0.7890
vn 0.2468 0.3744 0.8938
vn -0.0923 0.4409 0.8928
vn -0.4049 -0.2423 -0.8817
vn -0.1375 0.0231 -0.9902
vn 0.1124 -0.2768 -0.9543
vn -0.1537 -0.4161 -0.8963
vn -0.6191 -0.0449 -0.7840
vn -0.3661 0.2631 -0.8926
vn -0.5523 0.4703 -0.6883
vn -0.7749 0.1567 -0.6123
vn -0.7088 0.6086 -0.3566
vn -0.8574 0.3427 -0.3840
vn 0.3690 -0.1109 -0.9228
vn 0.1383 0.2294 -0.9635
vn -0.0876 0.5003 -0.8614
vn -0.3016 0.7038 -0.6432
vn -0.4928 0.8184 -0.2954
vn 0.3987 0.4068 -0.8219
vn 0.5908 0.0655 -0.8042
vn 0.2028 0.6701 -0.7141
vn -0.0160 0.8540 -0.5200
vn -0.2304 0.9510 -0.2064
vn 0.6569 0.5174 -0.5484
vn 0.7562 0.2350 -0.6107
vn 0.4953 0.7524 -0.4342
vn 0.2869 0.9164 -0.2791
vn 0.0525 0.9938 -0.0984
vn -0.9681 0.2148 -0.1293
vn -0.8322 0.5544 0.0116
vn -0.8528 0.4093 0.3244
vn -0.9881 0.0660 0.1388
vn -0.9149 -0.0890 0.3937
vn -0.7725 0.2139 0.5978
vn -0.7562 -0.2350 0.6107
vn -0.5908 -0.0655 0.8042
vn -0.5999 0.7934 0.1028
vn -0.6094 0.6571 0.4436
vn -0.5367 0.4323 0.7246
vn -0.3690 0.1109 0.9228
vn -0.2959 0.9381 0.1799
vn -0.2839 0.8163 0.5030
vn -0.2363 0.5977 0.7662
vn -0.1124 0.2768 0.9543
vn 0.0937 0.9745 0.2040
vn 0.1263 0.8633 0.4886
vn 0.1469 0.6707 0.7270
vn 0.1537 0.4161 0.8963
vn -0.6569 -0.5174 0.5484
vn -0.3987 -0.4068 0.8219
vn -0.4953 -0.7524 0.4342
vn -0.2028 -0.6701 0.7141
vn -0.2869 -0.9164 0.2791
vn 0.0160 -0.8540 0.5200
vn -0.0525 -0.9938 0.0984
vn 0.2304 -0.9510 0.2064
vn -0.1383 -0.2294 0.9635
vn 0.0876 -0.5003 0.8614
vn 0.3016 -0.7038 0.6432
vn 0.4928 -0.8184 0.2954
vn 0.1375 -0.0231 0.9902
vn 0.3661 -0.2631 0.8926
vn 0.5523 -0.4703 0.6883
vn 0.7088 -0.6086 0.3566
vn 0.4049 0.2423 0.8817
vn 0.6191 0.0449 0.7840
vn 0.7749 -0.1567 0.6123
vn 0.8574 -0.3427 0.3840
vn -0.0937 -0.9745 -0.2040
vn 0.2959 -0.9381 -0.1799
vn -0.1263 -0.8633 -0.4886
vn 0.2839 -0.8163 -0.5030
vn -0.1469 -0.6707 -0.7270
vn 0.2363 -0.5977 -0.7662
vn 0.5999 -0.7934 -0.1028
vn 0.6094 -0.6571 -0.4436
vn 0.5367 -0.4323 -0.7246
vn 0.8322 -0.5544 -0.0116
vn 0.8528 -0.4093 -0.3244
vn 0.7725 -0.2139 -0.5978
vn 0.9681 -0.2148 0.1293
vn 0.9881 -0.0660 -0.1388
vn 0.9149 0.0890 -0.3937
vn -0.4536 -0.8881 -0.0746
vn -0.7033 -0.7064 0.0803
vn -0.8683 -0.4409 0.2273
vn -0.5149 -0.7630 -0.3908
vn -0.7880 -0.5638 -0.2473
vn -0.9548 -0.2886 -0.0705
vn -0.5132 -0.5476 -0.6609
vn -0.7665 -0.3452 -0.5416
vn -0.9279 -0.1004 -0.3590
vn 0.8683 0.4409 -0.2273
vn 0.7033 0.7064 -0.0803
vn 0.4536 0.8881 0.0746
vn 0.9548 0.2886 0.0705
vn 0.7880 0.5638 0.2473
vn 0.5149 0.7630 0.3908
vn 0.9279 0.1004 0.3590
vn 0.7665 0.3452 0.5416
vn 0.5132 0.5476 0.6609
vn 0.9919 -0.0709 -0.1050
vn 0.9081 0.2158 -0.3588
vn 0.8975 0.4395 -0.0370
vn 0.9819 0.1707 0.0822
vn 0.9086 -0.3070 -0.2830
vn 0.8149 -0.0339 -0.5785
vn 0.7396 -0.5141 -0.4344
vn 0.6252 -0.2809 -0.7281
vn 0.5019 -0.6721 -0.5444
vn 0.3374 -0.5440 -0.7682
vn 0.7282 0.6680 -0.1532
vn 0.7228 0.4638 -0.5123
vn 0.6142 0.2148 -0.7593
vn 0.4228 -0.0631 -0.9040
vn 0.1404 -0.3642 -0.9207
vn 0.4516 0.6575 -0.6031
vn 0.4902 0.8335 -0.2550
vn 0.3307 0.4345 -0.8377
vn 0.1687 0.1607 -0.9725
vn -0.0698 -0.1500 -0.9862
vn 0.2073 0.9201 -0.3324
vn 0.0881 0.8035 -0.5887
vn -0.0400 0.6108 -0.7908
vn -0.1643 0.3604 -0.9182
vn -0.2726 0.0773 -0.9590
vn 0.3584 -0.8638 -0.3542
vn 0.0729 -0.7876 -0.6119
vn 0.1804 -0.9750 -0.1298
vn -0.1455 -0.9149 -0.3765
vn -0.0146 -0.9942 0.1068
vn -0.3451 -0.9337 -0.0951
vn -0.2073 -0.9201 0.3324
vn -0.4902 -0.8335 0.2550
vn -0.1659 -0.6032 -0.7802
vn -0.4156 -0.7299 -0.5427
vn -0.6093 -0.7582 -0.2320
vn -0.7282 -0.6680 0.1532
vn -0.3836 -0.3459 -0.8563
vn -0.6298 -0.4464 -0.6357
vn -0.8016 -0.4921 -0.3395
vn -0.8975 -0.4395 0.0370
vn -0.5455 0.0107 -0.8380
vn -0.7682 -0.0572 -0.6376
vn -0.9184 -0.1197 -0.3770
vn -0.9819 -0.1707 -0.0822
vn -0.0881 -0.8035 0.5888
vn -0.4516 -0.6575 0.6031
vn 0.0400 -0.6108 0.7908
vn -0.3307 -0.4345 0.8377
vn 0.1643 -0.3604 0.9182
vn -0.1687 -0.1607 0.9725
vn 0.2726 -0.0773 0.9590
vn 0.0698 0.1500 0.9862
vn -0.7229 -0.4638 0.5123
vn -0.6142 -0.2148 0.7593
vn -0.4228 0.0631 0.9040
vn -0.1404 0.3642 0.9207
vn -0.9081 -0.2158 0.3588
vn -0.8149 0.0339 0.5785
vn -0.6252 0.2809 0.7281
vn -0.3374 0.5440 0.7682
vn -0.9919 0.0709 0.1050
vn -0.9086 0.3070 0.2831
vn -0.7396 0.5141 0.4344
vn -0.5019 0.6721 0.5444
vn 0.5455 -0.0107 0.8380
vn 0.3836 0.3459 0.8563
vn 0.6298 0.4464 0.6357
vn 0.7682 0.0572 0.6376
vn 0.9184 0.1197 0.3770
vn 0.8016 0.4921 0.3395
vn 0.1659 0.6032 0.7802
vn 0.4157 0.7299 0.5427
vn 0.6093 0.7582 0.2320
vn -0.0729 0.7876 0.6119
vn 0.1455 0.9149 0.3765
vn 0.3451 0.9337 0.0951
vn -0.3584 0.8638 0.3542
vn -0.1804 0.9750 0.1298
vn 0.0146 0.9942 -0.1068
vn 0.5204 -0.3936 0.7578
vn 0.4039 -0.6827 0.6089
vn 0.2376 -0.8903 0.3885
vn 0.7756 -0.3417 0.5307
vn 0.6708 -0.6489 0.3590
vn 0.4755 -0.8687 0.1390
vn 0.9385 -0.2474 0.2410
vn 0.8473 -0.5277 0.0608
vn 0.6556 -0.7441 -0.1283
vn -0.2376 0.8903 -0.3885
vn -0.4039 0.6827 -0.6089
vn -0.5204 0.3936 -0.7578
vn -0.4755 0.8687 -0.1390
vn -0.6708 0.6489 -0.3590
vn -0.7756 0.3417 -0.5307
vn -0.6556 0.7441 0.1283
vn -0.8473 0.5277 -0.0608
vn -0.9385 0.2474 -0.2410
vn 0.4393 0.1492 -0.8859
vn 0.4536 0.5092 -0.7314
vn 0.7614 0.3663 -0.5349
vn 0.6902 0.1275 -0.7123
vn 0.1459 0.1568 -0.9768
vn 0.1244 0.5427 -0.8307
vn -0.1612 0.1497 -0.9755
vn -0.2195 0.5098 -0.8318
vn -0.4519 0.1286 -0.8828
vn -0.5714 0.3675 -0.7338
vn 0.7612 0.5716 -0.3064
vn 0.4385 0.7544 -0.4885
vn 0.0874 0.8093 -0.5809
vn -0.2755 0.7550 -0.5950
vn -0.6376 0.5729 -0.5151
vn 0.3727 0.9090 -0.1866
vn 0.6892 0.7230 -0.0489
vn 0.0386 0.9667 -0.2528
vn -0.3004 0.9096 -0.2871
vn -0.6436 0.7242 -0.2478
vn 0.2790 0.9407 0.1927
vn 0.5528 0.8059 0.2120
vn -0.0223 0.9876 0.1553
vn -0.3215 0.9413 0.1031
vn -0.5892 0.8069 0.0416
vn -0.5597 -0.1495 -0.8151
vn -0.7968 0.0763 -0.5994
vn -0.6153 -0.4148 -0.6704
vn -0.8794 -0.2112 -0.4266
vn -0.6128 -0.6409 -0.4624
vn -0.8563 -0.4745 -0.2041
vn -0.5528 -0.8059 -0.2120
vn -0.6892 -0.7230 0.0489
vn -0.8908 0.2929 -0.3473
vn -0.9890 0.0009 -0.1476
vn -0.9539 -0.2913 0.0720
vn -0.7612 -0.5716 0.3064
vn -0.8777 0.4761 -0.0547
vn -0.9653 0.2129 0.1513
vn -0.9372 -0.0747 0.3407
vn -0.7614 -0.3663 0.5349
vn -0.7199 0.6421 0.2635
vn -0.7835 0.4160 0.4617
vn -0.7730 0.1507 0.6162
vn -0.6902 -0.1275 0.7123
vn -0.2790 -0.9407 -0.1927
vn -0.3727 -0.9090 0.1866
vn 0.0223 -0.9876 -0.1553
vn -0.0386 -0.9667 0.2528
vn 0.3215 -0.9413 -0.1031
vn 0.3004 -0.9096 0.2871
vn 0.5892 -0.8069 -0.0416
vn 0.6436 -0.7242 0.2478
vn -0.4385 -0.7544 0.4885
vn -0.0874 -0.8093 0.5809
vn 0.2755 -0.7550 0.5950
vn 0.6376 -0.5729 0.5151
vn -0.4537 -0.5092 0.7314
vn -0.1244 -0.5427 0.8307
vn 0.2195 -0.5098 0.8318
vn 0.5714 -0.3675 0.7338
vn -0.4393 -0.1492 0.8859
vn -0.1459 -0.1568 0.9768
vn 0.1612 -0.1497 0.9755
vn 0.4519 -0.1286 0.8828
vn 0.7199 -0.6421 -0.2635
vn 0.8777 -0.4761 0.0547
vn 0.9653 -0.2129 -0.1513
vn 0.7835 -0.4160 -0.4617
vn 0.7730 -0.1507 -0.6162
vn 0.9372 0.0747 -0.3407
vn 0.8908 -0.2929 0.3473
vn 0.9890 -0.0009 0.1476
vn 0.9539 0.2913 -0.0720
vn 0.7968 -0.0763 0.5994
vn 0.8794 0.2112 0.4266
vn 0.8563 0.4745 0.2041
vn 0.5597 0.1495 0.8151
vn 0.6153 0.4148 0.6704
vn 0.6128 0.6409 0.4624
vn 0.4111 -0.7906 -0.4538
vn 0.0794 -0.8400 -0.5368
vn -0.2621 -0.7900 -0.5542
vn 0.4679 -0.5482 -0.6932
vn 0.1189 -0.5875 -0.8005
vn -0.2461 -0.5475 -0.7998
vn 0.4705 -0.2399 -0.8491
vn 0.1425 -0.2557 -0.9562
vn -0.2026 -0.2393 -0.9496
vn 0.2621 0.7900 0.5542
vn -0.0794 0.8400 0.5368
vn -0.4111 0.7906 0.4538
vn 0.2461 0.5475 0.7998
vn -0.1189 0.5875 0.8005
vn -0.4679 0.5482 0.6932
vn 0.2026 0.2393 0.9496
vn -0.1425 0.2557 0.9562
vn -0.4705 0.2399 0.8491
vn 0.1379 -0.1802 -0.9739
vn 0.4462 0.0482 -0.8936
vn 0.5995 -0.2823 -0.7489
vn 0.3339 -0.3856 -0.8601
vn -0.0719 0.0430 -0.9965
vn 0.2292 0.3156 -0.9208
vn -0.2749 0.2622 -0.9250
vn -0.0166 0.5442 -0.8388
vn -0.4513 0.4559 -0.7671
vn -0.3169 0.6996 -0.6404
vn 0.8097 -0.1520 -0.5668
vn 0.6792 0.2160 -0.7014
vn 0.4651 0.5137 -0.7210
vn 0.1883 0.7421 -0.6433
vn -0.1520 0.8785 -0.4528
vn 0.8320 0.3564 -0.4252
vn 0.9436 -0.0074 -0.3311
vn 0.6383 0.6425 -0.4239
vn 0.3691 0.8524 -0.3704
vn 0.0272 0.9745 -0.2225
vn 0.9016 0.4300 -0.0465
vn 0.9884 0.1373 -0.0654
vn 0.7296 0.6835 -0.0231
vn 0.4888 0.8724 0.0024
vn 0.2031 0.9788 0.0276
vn -0.6988 0.3418 -0.6283
vn -0.6307 0.6595 -0.4089
vn -0.8816 0.1951 -0.4297
vn -0.8388 0.5161 -0.1733
vn -0.9812 0.0299 -0.1906
vn -0.9473 0.3099 0.0817
vn -0.9884 -0.1373 0.0654
vn -0.9436 0.0074 0.3311
vn -0.4663 0.8650 -0.1851
vn -0.6801 0.7287 0.0805
vn -0.8021 0.4942 0.3353
vn -0.8097 0.1520 0.5668
vn -0.2450 0.9677 0.0595
vn -0.4296 0.8431 0.3235
vn -0.5615 0.6181 0.5501
vn -0.5995 0.2823 0.7489
vn 0.0649 0.9520 0.2991
vn -0.0801 0.8355 0.5436
vn -0.2175 0.6401 0.7368
vn -0.3339 0.3856 0.8601
vn -0.9016 -0.4300 0.0465
vn -0.8320 -0.3564 0.4252
vn -0.7296 -0.6835 0.0231
vn -0.6383 -0.6425 0.4239
vn -0.4888 -0.8724 -0.0024
vn -0.3691 -0.8524 0.3704
vn -0.2031 -0.9788 -0.0276
vn -0.0272 -0.9745 0.2225
vn -0.6792 -0.2160 0.7014
vn -0.4651 -0.5137 0.7210
vn -0.1883 -0.7421 0.6433
vn 0.1520 -0.8785 0.4529
vn -0.4462 -0.0482 0.8936
vn -0.2292 -0.3156 0.9208
vn 0.0166 -0.5442 0.8388
vn 0.3169 -0.6996 0.6404
vn -0.1379 0.1802 0.9739
vn 0.0719 -0.0430 0.9965
vn 0.2749 -0.2622 0.9250
vn 0.4513 -0.4559 0.7671
vn -0.0649 -0.9520 -0.2991
vn 0.2450 -0.9677 -0.0595
vn 0.4296 -0.8431 -0.3235
vn 0.0801 -0.8355 -0.5436
vn 0.2175 -0.6401 -0.7368
vn 0.5615 -0.6181 -0.5501
vn 0.4663 -0.8650 0.1851
vn 0.6801 -0.7287 -0.0805
vn 0.8021 -0.4942 -0.3353
vn 0.6307 -0.6595 0.4089
vn 0.8388 -0.5161 0.1733
vn 0.9473 -0.3099 -0.0817
vn 0.6988 -0.3418 0.6283
vn 0.8816 -0.1951 0.4297
vn 0.9812 -0.0299 0.1906
vn -0.4237 -0.8197 -0.3854
vn -0.6964 -0.6077 -0.3816
vn -0.8865 -0.3238 -0.3306
vn -0.2831 -0.6853 -0.6709
vn -0.5668 -0.4528 -0.6883
vn -0.7740 -0.1593 -0.6128
vn -0.1071 -0.4701 -0.8761
vn -0.3607 -0.2369 -0.9021
vn -0.5700 0.0258 -0.8213
vn 0.8865 0.3238 0.3306
vn 0.6964 0.6077 0.3816
vn 0.4237 0.8197 0.3854
vn 0.7740 0.1593 0.6128
vn 0.5668 0.4528 0.6883
vn 0.2831 0.6853 0.6709
vn 0.5700 -0.0258 0.8213
vn 0.3607 0.2369 0.9021
vn 0.1071 0.4701 0.8761
vn -0.5615 -0.6792 -0.4727
vn -0.4188 -0.4739 -0.7746
vn -0.0980 -0.6914 -0.7158
vn -0.2881 -0.8115 -0.5084
vn -0.7832 -0.4824 -0.3922
vn -0.6653 -0.2415 -0.7065
vn -0.9311 -0.2400 -0.2748
vn -0.8331 0.0184 -0.5528
vn -0.9910 0.0238 -0.1321
vn -0.9183 0.2833 -0.2766
vn 0.1021 -0.5057 -0.8567
vn -0.2134 -0.2534 -0.9435
vn -0.4644 0.0082 -0.8856
vn -0.6528 0.2688 -0.7083
vn -0.7588 0.5173 -0.3958
vn 0.0190 -0.0040 -0.9998
vn 0.2925 -0.2722 -0.9167
vn -0.2009 0.2569 -0.9453
vn -0.3953 0.4883 -0.7780
vn -0.5277 0.7025 -0.4775
vn 0.3053 0.2511 -0.9185
vn 0.4547 -0.0143 -0.8905
vn 0.1265 0.4940 -0.8602
vn -0.0642 0.6903 -0.7207
vn -0.2481 0.8210 -0.5142
vn -0.9845 0.0247 0.1737
vn -0.9105 0.4020 0.0969
vn -0.8853 0.0233 0.4644
vn -0.7999 0.4254 0.4234
vn -0.7026 0.0197 0.7114
vn -0.5945 0.3964 0.6996
vn -0.4547 0.0143 0.8905
vn -0.2925 0.2722 0.9167
vn -0.7353 0.6776 -0.0157
vn -0.6087 0.7234 0.3259
vn -0.4001 0.6716 0.6236
vn -0.1021 0.5057 0.8567
vn -0.4727 0.8718 -0.1283
vn -0.3355 0.9238 0.1845
vn -0.1567 0.8662 0.4744
vn 0.0980 0.6914 0.7158
vn -0.1177 0.9550 -0.2722
vn 0.0245 0.9997 -0.0035
vn 0.1643 0.9500 0.2655
vn 0.2881 0.8115 0.5084
vn -0.3053 -0.2511 0.9185
vn -0.0190 0.0040 0.9998
vn -0.1265 -0.4940 0.8602
vn 0.2009 -0.2569 0.9453
vn 0.0642 -0.6903 0.7207
vn 0.3953 -0.4883 0.7780
vn 0.2481 -0.8210 0.5142
vn 0.5277 -0.7025 0.4775
vn 0.2134 0.2534 0.9435
vn 0.4644 -0.0082 0.8856
vn 0.6528 -0.2688 0.7083
vn 0.7588 -0.5173 0.3958
vn 0.4188 0.4739 0.7746
vn 0.6653 0.2415 0.7065
vn 0.8331 -0.0184 0.5528
vn 0.9183 -0.2833 0.2766
vn 0.5615 0.6792 0.4727
vn 0.7832 0.4824 0.3922
vn 0.9311 0.2400 0.2748
vn 0.9910 -0.0238 0.1321
vn 0.1177 -0.9550 0.2722
vn 0.4727 -0.8718 0.1283
vn 0.3355 -0.9238 -0.1845
vn -0.0245 -0.9997 0.0035
vn -0.1643 -0.9500 -0.2655
vn 0.1567 -0.8662 -0.4744
vn 0.7353 -0.6776 0.0157
vn 0.6087 -0.7234 -0.3259
vn 0.4001 -0.6716 -0.6236
vn 0.9105 -0.4020 -0.0969
vn 0.7999 -0.4254 -0.4234
vn 0.5945 -0.3964 -0.6996
vn 0.9845 -0.0247 -0.1737
vn 0.8853 -0.0233 -0.4644
vn 0.7026 -0.0197 -0.7114
vn -0.1988 -0.8542 0.4805
vn -0.4323 -0.6468 0.6282
vn -0.6130 -0.3619 0.7023
vn -0.3802 -0.9050 0.1909
vn -0.6433 -0.6904 0.3309
vn -0.8196 -0.3828 0.4262
vn -0.5148 -0.8486 -0.1222
vn -0.7675 -0.6409 -0.0111
vn -0.9291 -0.3563 0.0996
vn 0.6130 0.3619 -0.7023
vn 0.4323 0.6468 -0.6282
vn 0.1988 0.8542 -0.4805
vn 0.8196 0.3828 -0.4262
vn 0.6433 0.6904 -0.3309
vn 0.3802 0.9050 -0.1909
vn 0.9291 0.3563 -0.0996
vn 0.7675 0.6409 0.0111
vn 0.5148 0.8486 0.1222
vn -0.3231 -0.9463 0.0119
vn -0.4009 -0.8432 -0.3583
vn -0.0186 -0.9108 -0.4125
vn -0.0505 -0.9916 -0.1192
vn -0.5664 -0.8117 0.1424
vn -0.6847 -0.6901 -0.2342
vn -0.7563 -0.6005 0.2596
vn -0.8865 -0.4556 -0.0806
vn -0.8745 -0.3340 0.3518
vn -0.9801 -0.1434 0.1372
vn 0.0152 -0.7439 -0.6682
vn -0.3878 -0.6555 -0.6480
vn -0.6920 -0.4824 -0.5370
vn -0.9030 -0.2443 -0.3535
vn -0.9939 0.0616 -0.0912
vn -0.3267 -0.3902 -0.8608
vn 0.0476 -0.5067 -0.8608
vn -0.6060 -0.2097 -0.7673
vn -0.8124 -0.0027 -0.5831
vn -0.9139 0.2607 -0.3111
vn 0.0754 -0.2231 -0.9719
vn -0.1762 -0.0496 -0.9831
vn -0.4123 0.1294 -0.9018
vn -0.6094 0.2962 -0.7354
vn -0.7486 0.4345 -0.5008
vn -0.7643 -0.2111 0.6093
vn -0.8981 0.1086 0.4262
vn -0.5817 -0.0679 0.8106
vn -0.7048 0.2909 0.6470
vn -0.3441 0.0818 0.9354
vn -0.4271 0.4370 0.7916
vn -0.0754 0.2231 0.9719
vn -0.0476 0.5067 0.8608
vn -0.9153 0.3570 0.1866
vn -0.7136 0.5695 0.4080
vn -0.4157 0.7053 0.5743
vn -0.0152 0.7439 0.6682
vn -0.8239 0.5615 -0.0764
vn -0.6261 0.7713 0.1139
vn -0.3529 0.8899 0.2891
vn 0.0186 0.9108 0.4125
vn -0.6174 0.6856 -0.3856
vn -0.4275 0.8733 -0.2337
vn -0.1973 0.9785 -0.0596
vn 0.0505 0.9916 0.1192
vn 0.1762 0.0496 0.9831
vn 0.3267 0.3902 0.8608
vn 0.4123 -0.1294 0.9018
vn 0.6060 0.2097 0.7673
vn 0.6094 -0.2962 0.7354
vn 0.8124 0.0027 0.5831
vn 0.7486 -0.4345 0.5008
vn 0.9139 -0.2607 0.3111
vn 0.3878 0.6555 0.6480
vn 0.6920 0.4824 0.5370
vn 0.9030 0.2443 0.3535
vn 0.9939 -0.0616 0.0912
vn 0.4009 0.8432 0.3583
vn 0.6847 0.6901 0.2342
vn 0.8865 0.4556 0.0806
vn 0.9801 0.1434 -0.1372
vn 0.3231 0.9463 -0.0119
vn 0.5664 0.8117 -0.1424
vn 0.7563 0.6005 -0.2596
vn 0.8745 0.3340 -0.3518
vn 0.6174 -0.6856 0.3856
vn 0.8239 -0.5615 0.0764
vn 0.6261 -0.7713 -0.1139
vn 0.4275 -0.8733 0.2336
vn 0.1973 -0.9785 0.0596
vn 0.3529 -0.8899 -0.2891
vn 0.9153 -0.3570 -0.1866
vn 0.7136 -0.5695 -0.4080
vn 0.4157 -0.7053 -0.5743
vn 0.8981 -0.1086 -0.4262
vn 0.7048 -0.2909 -0.6470
vn 0.4271 -0.4370 -0.7916
vn 0.7643 0.2111 -0.6093
vn 0.5817 0.0679 -0.8106
vn 0.3441 -0.0818 -0.9354
vn 0.3828 -0.6130 0.6912
vn 0.1481 -0.4465 0.8824
vn -0.1029 -0.2254 0.9688
vn 0.1559 -0.8262 0.5414
vn -0.1090 -0.6655 0.7384
vn -0.3592 -0.4151 0.8359
vn -0.0882 -0.9413 0.3257
vn -0.3514 -0.7948 0.4948
vn -0.5739 -0.5537 0.6034
vn 0.1029 0.2254 -0.9688
vn -0.1481 0.4465 -0.8824
vn -0.3828 0.6130 -0.6912
vn 0.3592 0.4151 -0.8359
vn 0.1090 0.6655 -0.7384
vn -0.1559 0.8262 -0.5414
vn 0.5739 0.5537 -0.6034
vn 0.3514 0.7948 -0.4948
vn 0.0882 0.9413 -0.3257
vn -0.7398 -0.6480 -0.1810
vn -0.6824 -0.4954 -0.5375
vn -0.3800 -0.7446 -0.5488
vn -0.5046 -0.8171 -0.2790
vn -0.9065 -0.4172 -0.0655
vn -0.8731 -0.2277 -0.4310
vn -0.9875 -0.1470 0.0562
vn -0.9601 0.0662 -0.2716
vn -0.9757 0.1358 0.1721
vn -0.9298 0.3673 -0.0224
vn -0.2192 -0.6017 -0.7681
vn -0.5223 -0.3218 -0.7897
vn -0.7180 -0.0257 -0.6956
vn -0.8168 0.2739 -0.5077
vn -0.7962 0.5653 -0.2156
vn -0.2986 -0.1113 -0.9478
vn -0.0376 -0.4020 -0.9149
vn -0.4660 0.1797 -0.8663
vn -0.5763 0.4503 -0.6820
vn -0.5874 0.7099 -0.3885
vn 0.0201 0.1123 -0.9935
vn 0.1466 -0.1655 -0.9752
vn -0.1089 0.3808 -0.9182
vn -0.2276 0.6133 -0.7563
vn -0.3245 0.7874 -0.5242
vn -0.8728 0.1680 0.4583
vn -0.7939 0.5226 0.3109
vn -0.6873 0.1845 0.7026
vn -0.5841 0.5659 0.5819
vn -0.4369 0.1836 0.8806
vn -0.3052 0.5401 0.7843
vn -0.1466 0.1655 0.9752
vn 0.0377 0.4020 0.9149
vn -0.6397 0.7603 0.1132
vn -0.4080 0.8252 0.3906
vn -0.1213 0.7788 0.6154
vn 0.2192 0.6017 0.7681
vn -0.4101 0.9066 -0.0995
vn -0.1769 0.9732 0.1467
vn 0.0786 0.9241 0.3739
vn 0.3800 0.7446 0.5488
vn -0.1129 0.9283 -0.3542
vn 0.1103 0.9825 -0.1501
vn 0.3230 0.9439 0.0681
vn 0.5046 0.8171 0.2790
vn -0.0201 -0.1123 0.9935
vn 0.2986 0.1113 0.9478
vn 0.1089 -0.3808 0.9182
vn 0.4660 -0.1797 0.8663
vn 0.2276 -0.6133 0.7563
vn 0.5763 -0.4503 0.6820
vn 0.3245 -0.7874 0.5242
vn 0.5874 -0.7099 0.3885
vn 0.5223 0.3218 0.7897
vn 0.7180 0.0257 0.6956
vn 0.8168 -0.2739 0.5077
vn 0.7962 -0.5653 0.2156
vn 0.6824 0.4954 0.5375
vn 0.8731 0.2277 0.4310
vn 0.9601 -0.0662 0.2716
vn 0.9298 -0.3673 0.0224
vn 0.7398 0.6480 0.1810
vn 0.9065 0.4172 0.0655
vn 0.9875 0.1470 -0.0562
vn 0.9757 -0.1358 -0.1721
vn 0.1129 -0.9283 0.3542
vn 0.4101 -0.9066 0.0995
vn 0.1769 -0.9732 -0.1467
vn -0.1103 -0.9825 0.1501
vn -0.3230 -0.9439 -0.0681
vn -0.0786 -0.9241 -0.3739
vn 0.6397 -0.7603 -0.1132
vn 0.4080 -0.8252 -0.3906
vn 0.1213 -0.7788 -0.6154
vn 0.7939 -0.5226 -0.3109
vn 0.5841 -0.5659 -0.5819
vn 0.3052 -0.5401 -0.7843
vn 0.8728 -0.1680 -0.4583
vn 0.6873 -0.1845 -0.7026
vn 0.4369 -0.1836 -0.8806
vn -0.1112 -0.7667 0.6323
vn -0.2668 -0.5169 0.8134
vn -0.3889 -0.2051 0.8982
vn -0.3787 -0.8241 0.4213
vn -0.5639 -0.5643 0.6030
vn -0.6732 -0.2284 0.7033
vn -0.5998 -0.7842 0.1589
vn -0.7851 -0.5355 0.3112
vn -0.8775 -0.2226 0.4248
vn 0.3889 0.2051 -0.8982
vn 0.2668 0.5169 -0.8134
vn 0.1112 0.7667 -0.6323
vn 0.6732 0.2284 -0.7033
vn 0.5639 0.5643 -0.6030
vn 0.3787 0.8241 -0.4213
vn 0.8775 0.2226 -0.4248
vn 0.7851 0.5355 -0.3112
vn 0.5998 0.7842 -0.1589
vn 0.1798 -0.9787 -0.0988
vn -0.1198 -0.9302 -0.3469
vn 0.1575 -0.7935 -0.5879
vn 0.3266 -0.8788 -0.3478
vn 0.0155 -0.9869 0.1606
vn -0.3250 -0.9432 -0.0692
vn -0.1504 -0.9019 0.4049
vn -0.4900 -0.8441 0.2177
vn -0.3014 -0.7328 0.6101
vn -0.5753 -0.6230 0.5300
vn -0.0272 -0.6330 -0.7737
vn -0.3468 -0.7625 -0.5462
vn -0.5824 -0.7687 -0.2646
vn -0.7394 -0.6712 0.0527
vn -0.7963 -0.4541 0.3995
vn -0.5310 -0.5035 -0.6815
vn -0.2094 -0.4128 -0.8864
vn -0.7612 -0.4905 -0.4242
vn -0.9012 -0.4174 -0.1169
vn -0.9422 -0.2423 0.2314
vn -0.3711 -0.1548 -0.9156
vn -0.6344 -0.1338 -0.7614
vn -0.8390 -0.1002 -0.5348
vn -0.9645 -0.0570 -0.2577
vn -0.9991 -0.0088 0.0423
vn -0.1361 -0.5706 0.8099
vn -0.4693 -0.3640 0.8045
vn 0.0427 -0.3539 0.9343
vn -0.2891 -0.1084 0.9512
vn 0.2175 -0.1039 0.9705
vn -0.0729 0.1591 0.9846
vn 0.3711 0.1548 0.9156
vn 0.2094 0.4128 0.8864
vn -0.7174 -0.1595 0.6782
vn -0.5438 0.1265 0.8296
vn -0.2970 0.3954 0.8692
vn 0.0272 0.6330 0.7737
vn -0.8805 0.0627 0.4699
vn -0.7253 0.3443 0.5962
vn -0.4842 0.5858 0.6499
vn -0.1575 0.7935 0.5879
vn -0.9503 0.2743 0.1473
vn -0.8118 0.5328 0.2389
vn -0.5967 0.7410 0.3080
vn -0.3266 0.8788 0.3478
vn 0.6344 0.1338 0.7614
vn 0.5310 0.5035 0.6815
vn 0.8390 0.1002 0.5348
vn 0.7612 0.4905 0.4242
vn 0.9645 0.0570 0.2577
vn 0.9012 0.4174 0.1169
vn 0.9991 0.0088 -0.0423
vn 0.9422 0.2423 -0.2314
vn 0.3468 0.7625 0.5462
vn 0.5824 0.7687 0.2646
vn 0.7394 0.6712 -0.0527
vn 0.7963 0.4541 -0.3995
vn 0.1198 0.9302 0.3469
vn 0.3250 0.9432 0.0692
vn 0.4900 0.8441 -0.2177
vn 0.5753 0.6230 -0.5300
vn -0.1798 0.9787 0.0988
vn -0.0155 0.9869 -0.1606
vn 0.1504 0.9019 -0.4049
vn 0.3014 0.7328 -0.6101
vn 0.9503 -0.2743 -0.1473
vn 0.8805 -0.0627 -0.4699
vn 0.7253 -0.3443 -0.5962
vn 0.8118 -0.5328 -0.2389
vn 0.5967 -0.7410 -0.3080
vn 0.4842 -0.5858 -0.6499
vn 0.7174 0.1595 -0.6782
vn 0.5438 -0.1265 -0.8296
vn 0.2970 -0.3954 -0.8692
vn 0.4693 0.3640 -0.8045
vn 0.2891 0.1084 -0.9512
vn 0.0729 -0.1591 -0.9846
vn 0.1361 0.5706 -0.8099
vn -0.0427 0.3539 -0.9343
vn -0.2175 0.1039 -0.9705
vn 0.9129 -0.3311 0.2387
vn 0.7737 -0.3073 0.5540
vn 0.5428 -0.2450 0.8033
vn 0.7598 -0.6304 0.1591
vn 0.6042 -0.6270 0.4917
vn 0.3672 -0.5391 0.7580
vn 0.5165 -0.8542 0.0587
vn 0.3533 -0.8622 0.3631
vn 0.1464 -0.7682 0.6233
vn -0.5428 0.2450 -0.8033
vn -0.7737 0.3073 -0.5540
vn -0.9129 0.3311 -0.2387
vn -0.3672 0.5391 -0.7580
vn -0.6042 0.6270 -0.4917
vn -0.7598 0.6304 -0.1591
vn -0.1464 0.7682 -0.6233
vn -0.3533 0.8622 -0.3631
vn -0.5165 0.8542 -0.0587
vn -0.2887 -0.9278 0.2364
vn -0.5185 -0.8520 -0.0720
vn -0.1973 -0.9398 -0.2789
vn -0.0996 -0.9950 0.0056
vn -0.4514 -0.7729 0.4460
vn -0.7205 -0.6776 0.1474
vn -0.5715 -0.5451 0.6134
vn -0.8355 -0.4230 0.3506
vn -0.6375 -0.2671 0.7227
vn -0.8250 -0.0904 0.5579
vn -0.2768 -0.7959 -0.5384
vn -0.6314 -0.6894 -0.3551
vn -0.8573 -0.4952 -0.1404
vn -0.9677 -0.2343 0.0932
vn -0.9356 0.0956 0.3398
vn -0.6676 -0.4452 -0.5968
vn -0.3303 -0.5769 -0.7471
vn -0.8786 -0.2460 -0.4093
vn -0.9846 -0.0162 -0.1742
vn -0.9580 0.2725 0.0897
vn -0.5838 -0.1222 -0.8027
vn -0.3525 -0.3047 -0.8848
vn -0.7611 0.0726 -0.6446
vn -0.8666 0.2605 -0.4256
vn -0.8904 0.4232 -0.1677
vn -0.4266 -0.1284 0.8953
vn -0.6256 0.1806 0.7590
vn -0.1745 0.0230 0.9844
vn -0.3554 0.3721 0.8575
vn 0.0940 0.1722 0.9806
vn -0.0421 0.5177 0.8546
vn 0.3525 0.3047 0.8848
vn 0.3303 0.5769 0.7471
vn -0.7439 0.4091 0.5285
vn -0.4658 0.6304 0.6210
vn -0.1250 0.7666 0.6298
vn 0.2768 0.7959 0.5384
vn -0.7746 0.5875 0.2342
vn -0.5135 0.8037 0.3008
vn -0.1911 0.9245 0.3298
vn 0.1973 0.9398 0.2789
vn -0.7217 0.6771 -0.1438
vn -0.4843 0.8685 -0.1061
vn -0.2011 0.9778 -0.0585
vn 0.0996 0.9950 -0.0056
vn 0.5838 0.1222 0.8027
vn 0.6676 0.4452 0.5968
vn 0.7611 -0.0726 0.6446
vn 0.8786 0.2460 0.4093
vn 0.8666 -0.2605 0.4256
vn 0.9846 0.0162 0.1742
vn 0.8904 -0.4232 0.1677
vn 0.9580 -0.2725 -0.0897
vn 0.6314 0.6894 0.3551
vn 0.8573 0.4952 0.1404
vn 0.9677 0.2343 -0.0932
vn 0.9356 -0.0956 -0.3398
vn 0.5185 0.8520 0.0720
vn 0.7205 0.6776 -0.1474
vn 0.8355 0.4230 -0.3506
vn 0.8250 0.0904 -0.5579
vn 0.2887 0.9278 -0.2364
vn 0.4514 0.7729 -0.4460
vn 0.5715 0.5451 -0.6134
vn 0.6375 0.2671 -0.7227
vn 0.7217 -0.6771 0.1438
vn 0.7746 -0.5875 -0.2342
vn 0.5135 -0.8037 -0.3008
vn 0.4843 -0.8685 0.1061
vn 0.2011 -0.9778 0.0585
vn 0.1911 -0.9245 -0.3298
vn 0.7439 -0.4091 -0.5285
vn 0.4658 -0.6304 -0.6210
vn 0.1250 -0.7666 -0.6298
vn 0.6256 -0.1806 -0.7590
vn 0.3554 -0.3721 -0.8575
vn 0.0421 -0.5177 -0.8546
vn 0.4266 0.1284 -0.8953
vn 0.1745 -0.0230 -0.9844
vn -0.0940 -0.1722 -0.9806
vn 0.6422 -0.5700 0.5124
vn 0.5137 -0.3788 0.7698
vn 0.3252 -0.1410 0.9351
vn 0.3724 -0.7851 0.4950
vn 0.2190 -0.5978 0.7711
vn 0.0361 -0.3300 0.9433
vn 0.0588 -0.9071 0.4169
vn -0.1052 -0.7363 0.6684
vn -0.2583 -0.4781 0.8395
vn -0.3252 0.1410 -0.9351
vn -0.5137 0.3788 -0.7698
vn -0.6422 0.5700 -0.5124
vn -0.0361 0.3300 -0.9433
vn -0.2190 0.5978 -0.7711
vn -0.3724 0.7851 -0.4950
vn 0.2583 0.4781 -0.8395
vn 0.1052 0.7363 -0.6684
vn -0.0588 0.9071 -0.4169
vn -0.4562 -0.8162 0.3546
vn -0.6052 -0.7961 -0.0075
vn -0.2636 -0.9582 -0.1111
vn -0.2349 -0.9526 0.1934
vn -0.6354 -0.6024 0.4831
vn -0.8218 -0.5576 0.1171
vn -0.7548 -0.3317 0.5660
vn -0.9399 -0.2529 0.2295
vn -0.8028 -0.0311 0.5955
vn -0.9263 0.1171 0.3581
vn -0.2676 -0.8736 -0.4064
vn -0.6340 -0.6960 -0.3369
vn -0.8702 -0.4375 -0.2265
vn -0.9891 -0.1199 -0.0855
vn -0.9631 0.2550 0.0861
vn -0.5858 -0.5140 -0.6266
vn -0.2463 -0.7066 -0.6633
vn -0.8013 -0.2584 -0.5396
vn -0.9205 0.0291 -0.3896
vn -0.9090 0.3687 -0.1941
vn -0.4179 -0.2578 -0.8712
vn -0.2021 -0.4741 -0.8570
vn -0.5953 -0.0163 -0.8034
vn -0.7165 0.2267 -0.6598
vn -0.7700 0.4474 -0.4549
vn -0.6147 0.1257 0.7787
vn -0.7369 0.4097 0.5377
vn -0.3679 0.2713 0.8894
vn -0.4689 0.5947 0.6531
vn -0.0863 0.3913 0.9162
vn -0.1447 0.7074 0.6919
vn 0.2021 0.4741 0.8570
vn 0.2463 0.7066 0.6633
vn -0.7728 0.5863 0.2430
vn -0.4918 0.7980 0.3482
vn -0.1445 0.9021 0.4065
vn 0.2676 0.8736 0.4064
vn -0.7176 0.6917 -0.0814
vn -0.4484 0.8938 -0.0036
vn -0.1253 0.9894 0.0728
vn 0.2636 0.9582 0.1111
vn -0.5764 0.6841 -0.4470
vn -0.3277 0.8573 -0.3970
vn -0.0480 0.9497 -0.3095
vn 0.2349 0.9526 -0.1934
vn 0.4179 0.2578 0.8712
vn 0.5858 0.5140 0.6266
vn 0.5953 0.0163 0.8034
vn 0.8013 0.2584 0.5396
vn 0.7165 -0.2267 0.6598
vn 0.9205 -0.0291 0.3896
vn 0.7700 -0.4474 0.4549
vn 0.9090 -0.3687 0.1941
vn 0.6341 0.6960 0.3369
vn 0.8702 0.4375 0.2265
vn 0.9891 0.1199 0.0855
vn 0.9631 -0.2550 -0.0861
vn 0.6052 0.7961 0.0075
vn 0.8218 0.5576 -0.1171
vn 0.9399 0.2529 -0.2295
vn 0.9263 -0.1171 -0.3581
vn 0.4562 0.8162 -0.3545
vn 0.6354 0.6024 -0.4831
vn 0.7548 0.3317 -0.5660
vn 0.8028 0.0311 -0.5955
vn 0.5764 -0.6841 0.4470
vn 0.7176 -0.6917 0.0814
vn 0.4484 -0.8938 0.0036
vn 0.3277 -0.8573 0.3970
vn 0.0480 -0.9497 0.3095
vn 0.1253 -0.9894 -0.0728
vn 0.7728 -0.5863 -0.2430
vn 0.4918 -0.7980 -0.3482
vn 0.1445 -0.9021 -0.4065
vn 0.7369 -0.4097 -0.5377
vn 0.4689 -0.5947 -0.6531
vn 0.1447 -0.7074 -0.6918
vn 0.6147 -0.1257 -0.7787
vn 0.3679 -0.2713 -0.8894
vn 0.0863 -0.3913 -0.9162
vn 0.4386 -0.4860 0.7560
vn 0.2876 -0.2286 0.9301
vn 0.1039 0.0571 0.9929
vn 0.1510 -0.6745 0.7226
vn -0.0284 -0.4144 0.9096
vn -0.2040 -0.0984 0.9740
vn -0.1537 -0.7837 0.6018
vn -0.3406 -0.5444 0.7666
vn -0.4884 -0.2406 0.8388
vn -0.1039 -0.0571 -0.9929
vn -0.2876 0.2286 -0.9301
vn -0.4386 0.4860 -0.7560
vn 0.2040 0.0984 -0.9740
vn 0.0284 0.4144 -0.9096
vn -0.1510 0.6745 -0.7226
vn 0.4884 0.2406 -0.8388
vn 0.3406 0.5444 -0.7666
vn 0.1537 0.7837 -0.6018
vn 0.8728 0.1105 -0.4754
vn 0.6917 0.4455 -0.5685
vn 0.8041 0.5563 -0.2096
vn 0.9328 0.2794 -0.2276
vn 0.7304 -0.0695 -0.6795
vn 0.5240 0.2638 -0.8098
vn 0.5190 -0.2430 -0.8195
vn 0.2950 0.0492 -0.9542
vn 0.2598 -0.3929 -0.8821
vn 0.0188 -0.2283 -0.9734
vn 0.5992 0.7820 -0.1718
vn 0.4571 0.6985 -0.5507
vn 0.2645 0.5236 -0.8099
vn 0.0363 0.2781 -0.9599
vn -0.2251 -0.0415 -0.9735
vn 0.1687 0.8688 -0.4656
vn 0.3376 0.9339 -0.1179
vn -0.0306 0.7128 -0.7007
vn -0.2279 0.4725 -0.8514
vn -0.4477 0.1493 -0.8816
vn -0.1625 0.9486 -0.2717
vn 0.0456 0.9975 -0.0531
vn -0.3563 0.8100 -0.4658
vn -0.5164 0.5950 -0.6159
vn -0.6274 0.3252 -0.7076
vn 0.2053 -0.6524 -0.7296
vn -0.1594 -0.5439 -0.8239
vn 0.1312 -0.8515 -0.5077
vn -0.2662 -0.7675 -0.5832
vn 0.0447 -0.9703 -0.2379
vn -0.3394 -0.9002 -0.2727
vn -0.0456 -0.9975 0.0531
vn -0.3376 -0.9339 0.1179
vn -0.4480 -0.3540 -0.8209
vn -0.5828 -0.5823 -0.5668
vn -0.6390 -0.7320 -0.2363
vn -0.5992 -0.7820 0.1718
vn -0.6823 -0.1206 -0.7210
vn -0.8209 -0.3185 -0.4741
vn -0.8624 -0.4770 -0.1699
vn -0.8041 -0.5563 0.2096
vn -0.8300 0.1857 -0.5259
vn -0.9554 0.0280 -0.2939
vn -0.9906 -0.1322 -0.0342
vn -0.9328 -0.2794 0.2276
vn 0.1625 -0.9486 0.2717
vn -0.1687 -0.8688 0.4656
vn 0.3563 -0.8100 0.4658
vn 0.0306 -0.7128 0.7007
vn 0.5164 -0.5950 0.6159
vn 0.2279 -0.4725 0.8514
vn 0.6274 -0.3252 0.7076
vn 0.4477 -0.1493 0.8816
vn -0.4571 -0.6985 0.5507
vn -0.2645 -0.5236 0.8099
vn -0.0363 -0.2781 0.9599
vn 0.2251 0.0415 0.9735
vn -0.6917 -0.4455 0.5685
vn -0.5240 -0.2638 0.8098
vn -0.2950 -0.0492 0.9542
vn -0.0188 0.2283 0.9734
vn -0.8728 -0.1105 0.4754
vn -0.7304 0.0695 0.6795
vn -0.5190 0.2430 0.8195
vn -0.2598 0.3929 0.8821
vn 0.8300 -0.1857 0.5259
vn 0.6823 0.1206 0.7210
vn 0.8209 0.3185 0.4741
vn 0.9554 -0.0280 0.2939
vn 0.9906 0.1322 0.0342
vn 0.8624 0.4770 0.1699
vn 0.4480 0.3540 0.8209
vn 0.5828 0.5823 0.5668
vn 0.6390 0.7320 0.2363
vn 0.1594 0.5439 0.8239
vn 0.2662 0.7675 0.5832
vn 0.3394 0.9002 0.2727
vn -0.2053 0.6524 0.7296
vn -0.1312 0.8515 0.5077
vn -0.0447 0.9703 0.2379
vn 0.7818 -0.5252 0.3360
vn 0.6211 -0.7690 0.1514
vn 0.3852 -0.9215 -0.0498
vn 0.9269 -0.3698 0.0637
vn 0.7683 -0.6219 -0.1511
vn 0.5062 -0.7902 -0.3455
vn 0.9619 -0.1689 -0.2152
vn 0.8120 -0.3910 -0.4333
vn 0.5652 -0.5651 -0.6009
vn -0.3852 0.9215 0.0498
vn -0.6211 0.7690 -0.1514
vn -0.7818 0.5252 -0.3360
vn -0.5062 0.7902 0.3455
vn -0.7683 0.6219 0.1511
vn -0.9269 0.3698 -0.0637
vn -0.5652 0.5651 0.6009
vn -0.8120 0.3910 0.4333
vn -0.9619 0.1689 0.2152
# 1372 vertex normals

vt 0.4516 0.5274 0.0000
vt 0.4970 0.5881 0.0000
vt 0.4328 0.6468 0.0000
vt 0.3980 0.5753 0.0000
vt 0.4899 0.4899 0.0000
vt 0.5432 0.5432 0.0000
vt 0.5274 0.4516 0.0000
vt 0.5881 0.4970 0.0000
vt 0.5753 0.3980 0.0000
vt 0.6468 0.4328 0.0000
vt 0.4771 0.7002 0.0000
vt 0.5414 0.6374 0.0000
vt 0.5897 0.5897 0.0000
vt 0.6374 0.5414 0.0000
vt 0.7002 0.4771 0.0000
vt 0.5294 0.7458 0.0000
vt 0.5903 0.6829 0.0000
vt 0.6365 0.6365 0.0000
vt 0.6829 0.5903 0.0000
vt 0.7458 0.5294 0.0000
vt 0.6516 0.7318 0.0000
vt 0.5996 0.7827 0.0000
vt 0.6918 0.6918 0.0000
vt 0.7318 0.6516 0.0000
vt 0.7827 0.5996 0.0000
vt 0.5280 0.3437 0.0000
vt 0.5900 0.2985 0.0000
vt 0.6475 0.3648 0.0000
vt 0.4904 0.3049 0.0000
vt 0.5446 0.2509 0.0000
vt 0.4517 0.2672 0.0000
vt 0.4972 0.2053 0.0000
vt 0.3977 0.2196 0.0000
vt 0.4312 0.1476 0.0000
vt 0.7027 0.3226 0.0000
vt 0.6418 0.2541 0.0000
vt 0.5931 0.2026 0.0000
vt 0.5419 0.1538 0.0000
vt 0.4736 0.0925 0.0000
vt 0.7513 0.2726 0.0000
vt 0.6921 0.2045 0.0000
vt 0.6436 0.1524 0.0000
vt 0.5916 0.1036 0.0000
vt 0.5238 0.0441 0.0000
vt 0.7549 0.1397 0.0000
vt 0.7954 0.2073 0.0000
vt 0.7092 0.0870 0.0000
vt 0.6567 0.0411 0.0000
vt 0.5893 0.0004 0.0000
vt 0.3643 0.1475 0.0000
vt 0.3435 0.2671 0.0000
vt 0.2981 0.2051 0.0000
vt 0.3048 0.3048 0.0000
vt 0.2506 0.2506 0.0000
vt 0.2671 0.3435 0.0000
vt 0.2051 0.2981 0.0000
vt 0.2196 0.3977 0.0000
vt 0.1475 0.3643 0.0000
vt 0.3220 0.0924 0.0000
vt 0.2536 0.1535 0.0000
vt 0.2023 0.2023 0.0000
vt 0.1535 0.2536 0.0000
vt 0.0924 0.3220 0.0000
vt 0.2039 0.1033 0.0000
vt 0.2719 0.0439 0.0000
vt 0.1519 0.1519 0.0000
vt 0.1033 0.2039 0.0000
vt 0.0439 0.2719 0.0000
vt 0.2065 0.0000 0.0000
vt 0.1390 0.0406 0.0000
vt 0.0864 0.0864 0.0000
vt 0.0406 0.1390 0.0000
vt 0.0000 0.2065 0.0000
vt 0.2672 0.4517 0.0000
vt 0.2053 0.4972 0.0000
vt 0.1476 0.4312 0.0000
vt 0.3049 0.4904 0.0000
vt 0.2509 0.5446 0.0000
vt 0.3437 0.5280 0.0000
vt 0.2985 0.5900 0.0000
vt 0.3648 0.6475 0.0000
vt 0.1538 0.5419 0.0000
vt 0.0925 0.4736 0.0000
vt 0.2026 0.5931 0.0000
vt 0.2541 0.6418 0.0000
vt 0.3226 0.7027 0.0000
vt 0.1036 0.5916 0.0000
vt 0.0441 0.5238 0.0000
vt 0.1524 0.6436 0.0000
vt 0.2045 0.6921 0.0000
vt 0.2726 0.7513 0.0000
vt 0.0411 0.6567 0.0000
vt 0.0004 0.5893 0.0000
vt 0.0870 0.7092 0.0000
vt 0.1397 0.7549 0.0000
vt 0.2073 0.7954 0.0000
vt 0.3149 0.3976 0.0000
vt 0.3557 0.3557 0.0000
vt 0.3976 0.3149 0.0000
vt 0.3557 0.4394 0.0000
vt 0.3975 0.3975 0.0000
vt 0.4394 0.3557 0.0000
vt 0.3976 0.4800 0.0000
vt 0.4393 0.4393 0.0000
vt 0.4800 0.3976 0.0000
vt 0.6998 0.7946 0.0000
vt 0.6344 0.8537 0.0000
vt 0.7478 0.7478 0.0000
vt 0.7946 0.6998 0.0000
vt 0.8537 0.6344 0.0000
vt 0.6774 0.9083 0.0000
vt 0.7454 0.8464 0.0000
vt 0.7969 0.7969 0.0000
vt 0.8464 0.7454 0.0000
vt 0.9083 0.6774 0.0000
vt 0.7278 0.9564 0.0000
vt 0.7955 0.8966 0.0000
vt 0.8477 0.8477 0.0000
vt 0.8966 0.7955 0.0000
vt 0.9564 0.7278 0.0000
vt 0.8608 0.9591 0.0000
vt 0.7934 1.0000 0.0000
vt 0.9133 0.9133 0.0000
vt 0.9591 0.8608 0.0000
vt 1.0000 0.7934 0.0000
# 125 texture coords

o Balls_Roundcube
g Balls_Roundcube
usemtl Chrismas_Tree_Stylized_ball
s 1
f 295/386/331 296/387/332 297/388/333 298/389/334 
f 296/387/332 295/386/331 299/390/335 300/391/336 
f 300/391/336 299/390/335 301/392/337 302/393/338 
f 301/392/337 303/394/339 304/395/340 302/393/338 
f 305/396/341 297/388/333 296/387/332 306/397/342 
f 306/397/342 296/387/332 300/391/336 307/398/343 
f 308/399/344 307/398/343 300/391/336 302/393/338 
f 309/400/345 308/399/344 302/393/338 304/395/340 
f 310/401/346 305/396/341 306/397/342 311/402/347 
f 307/398/343 312/403/348 311/402/347 306/397/342 
f 308/399/344 313/404/349 312/403/348 307/398/343 
f 314/405/350 313/404/349 308/399/344 309/400/345 
f 310/401/346 311/402/347 315/406/351 316/407/352 
f 311/402/347 312/403/348 317/408/353 315/406/351 
f 312/403/348 313/404/349 318/409/354 317/408/353 
f 318/409/354 313/404/349 314/405/350 319/410/355 
f 320/411/356 321/412/357 304/413/340 303/394/339 
f 321/412/357 320/411/356 322/414/358 323/415/359 
f 323/415/359 322/414/358 324/416/360 325/417/361 
f 324/416/360 326/418/362 327/419/363 325/417/361 
f 309/420/345 304/413/340 321/412/357 328/421/364 
f 328/421/364 321/412/357 323/415/359 329/422/365 
f 325/417/361 330/423/366 329/422/365 323/415/359 
f 331/424/367 330/423/366 325/417/361 327/419/363 
f 314/425/350 309/420/345 328/421/364 332/426/368 
f 329/422/365 333/427/369 332/426/368 328/421/364 
f 333/427/369 329/422/365 330/423/366 334/428/370 
f 335/429/371 334/428/370 330/423/366 331/424/367 
f 332/426/368 336/430/372 319/431/355 314/425/350 
f 333/427/369 337/432/373 336/430/372 332/426/368 
f 333/427/369 334/428/370 338/433/374 337/432/373 
f 339/434/375 338/433/374 334/428/370 335/429/371 
f 327/435/363 326/418/362 340/436/376 341/437/377 
f 341/437/377 340/436/376 342/438/378 343/439/379 
f 344/440/380 345/441/381 343/439/379 342/438/378 
f 346/442/382 347/443/383 345/441/381 344/440/380 
f 331/444/367 327/435/363 341/437/377 348/445/384 
f 343/439/379 349/446/385 348/445/384 341/437/377 
f 349/446/385 343/439/379 345/441/381 350/447/386 
f 347/443/383 351/448/387 350/447/386 345/441/381 
f 348/445/384 352/449/388 335/450/371 331/444/367 
f 352/449/388 348/445/384 349/446/385 353/451/389 
f 353/451/389 349/446/385 350/447/386 354/452/390 
f 351/448/387 355/453/391 354/452/390 350/447/386 
f 339/454/375 335/450/371 352/449/388 356/455/392 
f 352/449/388 353/451/389 357/456/393 356/455/392 
f 354/452/390 358/457/394 357/456/393 353/451/389 
f 359/458/395 358/457/394 354/452/390 355/453/391 
f 346/442/382 360/459/396 361/460/397 347/461/383 
f 361/460/397 360/459/396 362/462/398 363/463/399 
f 362/462/398 364/464/400 365/465/401 363/463/399 
f 298/389/334 297/466/333 365/465/401 364/464/400 
f 361/460/397 366/467/402 351/468/387 347/461/383 
f 366/467/402 361/460/397 363/463/399 367/469/403 
f 367/469/403 363/463/399 365/465/401 368/470/404 
f 365/465/401 297/466/333 305/471/341 368/470/404 
f 369/472/405 355/473/391 351/468/387 366/467/402 
f 369/472/405 366/467/402 367/469/403 370/474/406 
f 370/474/406 367/469/403 368/470/404 371/475/407 
f 310/476/346 371/475/407 368/470/404 305/471/341 
f 369/472/405 372/477/408 359/478/395 355/473/391 
f 373/479/409 372/477/408 369/472/405 370/474/406 
f 371/475/407 374/480/410 373/479/409 370/474/406 
f 374/480/410 371/475/407 310/476/346 316/481/352 
f 346/442/382 344/440/380 375/482/411 360/459/396 
f 342/438/378 376/483/412 375/482/411 344/440/380 
f 377/484/413 376/483/412 342/438/378 340/436/376 
f 326/418/362 324/416/360 377/484/413 340/436/376 
f 360/459/396 375/482/411 378/485/414 362/462/398 
f 376/483/412 379/486/415 378/485/414 375/482/411 
f 377/484/413 380/487/416 379/486/415 376/483/412 
f 377/484/413 324/416/360 322/414/358 380/487/416 
f 378/485/414 381/488/417 364/464/400 362/462/398 
f 379/486/415 382/489/418 381/488/417 378/485/414 
f 380/487/416 383/490/419 382/489/418 379/486/415 
f 322/414/358 320/411/356 383/490/419 380/487/416 
f 364/464/400 381/488/417 295/386/331 298/389/334 
f 299/390/335 295/386/331 381/488/417 382/489/418 
f 301/392/337 299/390/335 382/489/418 383/490/419 
f 383/490/419 320/411/356 303/394/339 301/392/337 
f 384/491/420 374/492/410 316/407/352 315/406/351 
f 317/408/353 385/493/421 384/491/420 315/406/351 
f 385/493/421 317/408/353 318/409/354 386/494/422 
f 336/495/372 386/494/422 318/409/354 319/410/355 
f 373/496/409 374/492/410 384/491/420 387/497/423 
f 385/493/421 388/498/424 387/497/423 384/491/420 
f 386/494/422 389/499/425 388/498/424 385/493/421 
f 337/500/373 389/499/425 386/494/422 336/495/372 
f 372/501/408 373/496/409 387/497/423 390/502/426 
f 391/503/427 390/502/426 387/497/423 388/498/424 
f 392/504/428 391/503/427 388/498/424 389/499/425 
f 389/499/425 337/500/373 338/505/374 392/504/428 
f 390/502/426 358/506/394 359/507/395 372/501/408 
f 358/506/394 390/502/426 391/503/427 357/508/393 
f 356/509/392 357/508/393 391/503/427 392/504/428 
f 339/510/375 356/509/392 392/504/428 338/505/374 
f 393/386/429 394/387/430 395/388/431 396/389/432 
f 394/387/430 393/386/429 397/390/433 398/391/434 
f 399/392/435 400/393/436 398/391/434 397/390/433 
f 401/395/437 400/393/436 399/392/435 402/394/438 
f 403/396/439 395/388/431 394/387/430 404/397/440 
f 398/391/434 405/398/441 404/397/440 394/387/430 
f 400/393/436 406/399/442 405/398/441 398/391/434 
f 400/393/436 401/395/437 407/400/443 406/399/442 
f 404/397/440 408/402/444 409/401/445 403/396/439 
f 405/398/441 410/403/446 408/402/444 404/397/440 
f 410/403/446 405/398/441 406/399/442 411/404/447 
f 412/405/448 411/404/447 406/399/442 407/400/443 
f 409/401/445 408/402/444 413/406/449 414/407/450 
f 413/406/449 408/402/444 410/403/446 415/408/451 
f 416/409/452 415/408/451 410/403/446 411/404/447 
f 412/405/448 417/410/453 416/409/452 411/404/447 
f 401/413/437 402/394/438 418/411/454 419/412/455 
f 419/412/455 418/411/454 420/414/456 421/415/457 
f 421/415/457 420/414/456 422/416/458 423/417/459 
f 424/419/460 423/417/459 422/416/458 425/418/461 
f 419/412/455 426/421/462 407/420/443 401/413/437 
f 427/422/463 426/421/462 419/412/455 421/415/457 
f 421/415/457 423/417/459 428/423/464 427/422/463 
f 424/419/460 429/424/465 428/423/464 423/417/459 
f 407/420/443 426/421/462 430/426/466 412/425/448 
f 426/421/462 427/422/463 431/427/467 430/426/466 
f 428/423/464 432/428/468 431/427/467 427/422/463 
f 433/429/469 432/428/468 428/423/464 429/424/465 
f 430/426/466 434/430/470 417/431/453 412/425/448 
f 430/426/466 431/427/467 435/432/471 434/430/470 
f 431/427/467 432/428/468 436/433/472 435/432/471 
f 436/433/472 432/428/468 433/429/469 437/434/473 
f 424/435/460 425/418/461 438/436/474 439/437/475 
f 440/439/476 439/437/475 438/436/474 441/438/477 
f 440/439/476 441/438/477 442/440/478 443/441/479 
f 442/440/478 444/442/480 445/443/481 443/441/479 
f 446/445/482 429/444/465 424/435/460 439/437/475 
f 446/445/482 439/437/475 440/439/476 447/446/483 
f 447/446/483 440/439/476 443/441/479 448/447/484 
f 449/448/485 448/447/484 443/441/479 445/443/481 
f 433/450/469 429/444/465 446/445/482 450/449/486 
f 450/449/486 446/445/482 447/446/483 451/451/487 
f 452/452/488 451/451/487 447/446/483 448/447/484 
f 452/452/488 448/447/484 449/448/485 453/453/489 
f 454/455/490 437/454/473 433/450/469 450/449/486 
f 454/455/490 450/449/486 451/451/487 455/456/491 
f 451/451/487 452/452/488 456/457/492 455/456/491 
f 452/452/488 453/453/489 457/458/493 456/457/492 
f 458/460/494 445/461/481 444/442/480 459/459/495 
f 458/460/494 459/459/495 460/462/496 461/463/497 
f 461/463/497 460/462/496 462/464/498 463/465/499 
f 462/464/498 396/389/432 395/466/431 463/465/499 
f 449/468/485 445/461/481 458/460/494 464/467/500 
f 465/469/501 464/467/500 458/460/494 461/463/497 
f 465/469/501 461/463/497 463/465/499 466/470/502 
f 463/465/499 395/466/431 403/471/439 466/470/502 
f 449/468/485 464/467/500 467/472/503 453/473/489 
f 468/474/504 467/472/503 464/467/500 465/469/501 
f 465/469/501 466/470/502 469/475/505 468/474/504 
f 466/470/502 403/471/439 409/476/445 469/475/505 
f 467/472/503 470/477/506 457/478/493 453/473/489 
f 471/479/507 470/477/506 467/472/503 468/474/504 
f 472/480/508 471/479/507 468/474/504 469/475/505 
f 472/480/508 469/475/505 409/476/445 414/481/450 
f 442/440/478 473/482/509 459/459/495 444/442/480 
f 442/440/478 441/438/477 474/483/510 473/482/509 
f 438/436/474 475/484/511 474/483/510 441/438/477 
f 475/484/511 438/436/474 425/418/461 422/416/458 
f 473/482/509 476/485/512 460/462/496 459/459/495 
f 474/483/510 477/486/513 476/485/512 473/482/509 
f 475/484/511 478/487/514 477/486/513 474/483/510 
f 422/416/458 420/414/456 478/487/514 475/484/511 
f 460/462/496 476/485/512 479/488/515 462/464/498 
f 477/486/513 480/489/516 479/488/515 476/485/512 
f 478/487/514 481/490/517 480/489/516 477/486/513 
f 420/414/456 418/411/454 481/490/517 478/487/514 
f 462/464/498 479/488/515 393/386/429 396/389/432 
f 397/390/433 393/386/429 479/488/515 480/489/516 
f 481/490/517 399/392/435 397/390/433 480/489/516 
f 418/411/454 402/394/438 399/392/435 481/490/517 
f 472/492/508 414/407/450 413/406/449 482/491/518 
f 483/493/519 482/491/518 413/406/449 415/408/451 
f 416/409/452 484/494/520 483/493/519 415/408/451 
f 484/494/520 416/409/452 417/410/453 434/495/470 
f 482/491/518 485/497/521 471/496/507 472/492/508 
f 485/497/521 482/491/518 483/493/519 486/498/522 
f 487/499/523 486/498/522 483/493/519 484/494/520 
f 434/495/470 435/500/471 487/499/523 484/494/520 
f 488/502/524 470/501/506 471/496/507 485/497/521 
f 486/498/522 489/503/525 488/502/524 485/497/521 
f 489/503/525 486/498/522 487/499/523 490/504/526 
f 436/505/472 490/504/526 487/499/523 435/500/471 
f 488/502/524 456/506/492 457/507/493 470/501/506 
f 489/503/525 455/508/491 456/506/492 488/502/524 
f 455/508/491 489/503/525 490/504/526 454/509/490 
f 454/509/490 490/504/526 436/505/472 437/510/473 
f 491/387/527 492/388/528 493/389/529 494/386/530 
f 491/387/527 494/386/530 495/390/531 496/391/532 
f 496/391/532 495/390/531 497/392/533 498/393/534 
f 497/392/533 499/394/535 500/395/536 498/393/534 
f 501/397/537 502/396/538 492/388/528 491/387/527 
f 501/397/537 491/387/527 496/391/532 503/398/539 
f 498/393/534 504/399/540 503/398/539 496/391/532 
f 505/400/541 504/399/540 498/393/534 500/395/536 
f 506/401/542 502/396/538 501/397/537 507/402/543 
f 503/398/539 508/403/544 507/402/543 501/397/537 
f 509/404/545 508/403/544 503/398/539 504/399/540 
f 510/405/546 509/404/545 504/399/540 505/400/541 
f 507/402/543 511/406/547 512/407/548 506/401/542 
f 507/402/543 508/403/544 513/408/549 511/406/547 
f 508/403/544 509/404/545 514/409/550 513/408/549 
f 509/404/545 510/405/546 515/410/551 514/409/550 
f 516/412/552 500/413/536 499/394/535 517/411/553 
f 516/412/552 517/411/553 518/414/554 519/415/555 
f 520/416/556 521/417/557 519/415/555 518/414/554 
f 522/419/558 521/417/557 520/416/556 523/418/559 
f 505/420/541 500/413/536 516/412/552 524/421/560 
f 519/415/555 525/422/561 524/421/560 516/412/552 
f 526/423/562 525/422/561 519/415/555 521/417/557 
f 527/424/563 526/423/562 521/417/557 522/419/558 
f 524/421/560 528/426/564 510/425/546 505/420/541 
f 529/427/565 528/426/564 524/421/560 525/422/561 
f 529/427/565 525/422/561 526/423/562 530/428/566 
f 531/429/567 530/428/566 526/423/562 527/424/563 
f 532/430/568 515/431/551 510/425/546 528/426/564 
f 528/426/564 529/427/565 533/432/569 532/430/568 
f 534/433/570 533/432/569 529/427/565 530/428/566 
f 530/428/566 531/429/567 535/434/571 534/433/570 
f 536/436/572 537/437/573 522/435/558 523/418/559 
f 536/436/572 538/438/574 539/439/575 537/437/573 
f 540/440/576 541/441/577 539/439/575 538/438/574 
f 542/443/578 541/441/577 540/440/576 543/442/579 
f 537/437/573 544/445/580 527/444/563 522/435/558 
f 537/437/573 539/439/575 545/446/581 544/445/580 
f 545/446/581 539/439/575 541/441/577 546/447/582 
f 547/448/583 546/447/582 541/441/577 542/443/578 
f 531/450/567 527/444/563 544/445/580 548/449/584 
f 549/451/585 548/449/584 544/445/580 545/446/581 
f 546/447/582 550/452/586 549/451/585 545/446/581 
f 551/453/587 550/452/586 546/447/582 547/448/583 
f 535/454/571 531/450/567 548/449/584 552/455/588 
f 553/456/589 552/455/588 548/449/584 549/451/585 
f 553/456/589 549/451/585 550/452/586 554/457/590 
f 551/453/587 555/458/591 554/457/590 550/452/586 
f 556/459/592 557/460/593 542/461/578 543/442/579 
f 558/462/594 559/463/595 557/460/593 556/459/592 
f 560/464/596 561/465/597 559/463/595 558/462/594 
f 493/389/529 492/466/528 561/465/597 560/464/596 
f 557/460/593 562/467/598 547/468/583 542/461/578 
f 557/460/593 559/463/595 563/469/599 562/467/598 
f 563/469/599 559/463/595 561/465/597 564/470/600 
f 564/470/600 561/465/597 492/466/528 502/471/538 
f 562/467/598 565/472/601 551/473/587 547/468/583 
f 563/469/599 566/474/602 565/472/601 562/467/598 
f 567/475/603 566/474/602 563/469/599 564/470/600 
f 502/471/538 506/476/542 567/475/603 564/470/600 
f 568/477/604 555/478/591 551/473/587 565/472/601 
f 569/479/605 568/477/604 565/472/601 566/474/602 
f 566/474/602 567/475/603 570/480/606 569/479/605 
f 512/481/548 570/480/606 567/475/603 506/476/542 
f 540/440/576 571/482/607 556/459/592 543/442/579 
f 538/438/574 572/483/608 571/482/607 540/440/576 
f 536/436/572 573/484/609 572/483/608 538/438/574 
f 520/416/556 573/484/609 536/436/572 523/418/559 
f 556/459/592 571/482/607 574/485/610 558/462/594 
f 572/483/608 575/486/611 574/485/610 571/482/607 
f 575/486/611 572/483/608 573/484/609 576/487/612 
f 520/416/556 518/414/554 576/487/612 573/484/609 
f 558/462/594 574/485/610 577/488/613 560/464/596 
f 575/486/611 578/489/614 577/488/613 574/485/610 
f 578/489/614 575/486/611 576/487/612 579/490/615 
f 517/411/553 579/490/615 576/487/612 518/414/554 
f 493/389/529 560/464/596 577/488/613 494/386/530 
f 495/390/531 494/386/530 577/488/613 578/489/614 
f 495/390/531 578/489/614 579/490/615 497/392/533 
f 499/394/535 497/392/533 579/490/615 517/411/553 
f 580/491/616 570/492/606 512/407/548 511/406/547 
f 513/408/549 581/493/617 580/491/616 511/406/547 
f 514/409/550 582/494/618 581/493/617 513/408/549 
f 532/495/568 582/494/618 514/409/550 515/410/551 
f 580/491/616 583/497/619 569/496/605 570/492/606 
f 584/498/620 583/497/619 580/491/616 581/493/617 
f 582/494/618 585/499/621 584/498/620 581/493/617 
f 532/495/568 533/500/569 585/499/621 582/494/618 
f 583/497/619 586/502/622 568/501/604 569/496/605 
f 584/498/620 587/503/623 586/502/622 583/497/619 
f 588/504/624 587/503/623 584/498/620 585/499/621 
f 533/500/569 534/505/570 588/504/624 585/499/621 
f 554/506/590 555/507/591 568/501/604 586/502/622 
f 587/503/623 553/508/589 554/506/590 586/502/622 
f 587/503/623 588/504/624 552/509/588 553/508/589 
f 588/504/624 534/505/570 535/510/571 552/509/588 
f 589/386/625 590/387/626 591/388/627 592/389/628 
f 590/387/626 589/386/625 593/390/629 594/391/630 
f 595/393/631 594/391/630 593/390/629 596/392/632 
f 597/395/633 595/393/631 596/392/632 598/394/634 
f 599/396/635 591/388/627 590/387/626 600/397/636 
f 601/398/637 600/397/636 590/387/626 594/391/630 
f 595/393/631 602/399/638 601/398/637 594/391/630 
f 603/400/639 602/399/638 595/393/631 597/395/633 
f 604/402/640 605/401/641 599/396/635 600/397/636 
f 601/398/637 606/403/642 604/402/640 600/397/636 
f 606/403/642 601/398/637 602/399/638 607/404/643 
f 602/399/638 603/400/639 608/405/644 607/404/643 
f 605/401/641 604/402/640 609/406/645 610/407/646 
f 604/402/640 606/403/642 611/408/647 609/406/645 
f 611/408/647 606/403/642 607/404/643 612/409/648 
f 612/409/648 607/404/643 608/405/644 613/410/649 
f 597/413/633 598/394/634 614/411/650 615/412/651 
f 616/415/652 615/412/651 614/411/650 617/414/653 
f 618/416/654 619/417/655 616/415/652 617/414/653 
f 620/418/656 621/419/657 619/417/655 618/416/654 
f 622/421/658 603/420/639 597/413/633 615/412/651 
f 616/415/652 623/422/659 622/421/658 615/412/651 
f 623/422/659 616/415/652 619/417/655 624/423/660 
f 621/419/657 625/424/661 624/423/660 619/417/655 
f 622/421/658 626/426/662 608/425/644 603/420/639 
f 626/426/662 622/421/658 623/422/659 627/427/663 
f 628/428/664 627/427/663 623/422/659 624/423/660 
f 628/428/664 624/423/660 625/424/661 629/429/665 
f 608/425/644 626/426/662 630/430/666 613/431/649 
f 627/427/663 631/432/667 630/430/666 626/426/662 
f 631/432/667 627/427/663 628/428/664 632/433/668 
f 629/429/665 633/434/669 632/433/668 628/428/664 
f 621/435/657 620/418/656 634/436/670 635/437/671 
f 634/436/670 636/438/672 637/439/673 635/437/671 
f 638/440/674 639/441/675 637/439/673 636/438/672 
f 638/440/674 640/442/676 641/443/677 639/441/675 
f 635/437/671 642/445/678 625/444/661 621/435/657 
f 642/445/678 635/437/671 637/439/673 643/446/679 
f 639/441/675 644/447/680 643/446/679 637/439/673 
f 645/448/681 644/447/680 639/441/675 641/443/677 
f 629/450/665 625/444/661 642/445/678 646/449/682 
f 643/446/679 647/451/683 646/449/682 642/445/678 
f 644/447/680 648/452/684 647/451/683 643/446/679 
f 649/453/685 648/452/684 644/447/680 645/448/681 
f 646/449/682 650/455/686 633/454/669 629/450/665 
f 650/455/686 646/449/682 647/451/683 651/456/687 
f 652/457/688 651/456/687 647/451/683 648/452/684 
f 648/452/684 649/453/685 653/458/689 652/457/688 
f 654/459/690 655/460/691 641/461/677 640/442/676 
f 655/460/691 654/459/690 656/462/692 657/463/693 
f 658/464/694 659/465/695 657/463/693 656/462/692 
f 658/464/694 592/389/628 591/466/627 659/465/695 
f 645/468/681 641/461/677 655/460/691 660/467/696 
f 657/463/693 661/469/697 660/467/696 655/460/691 
f 659/465/695 662/470/698 661/469/697 657/463/693 
f 659/465/695 591/466/627 599/471/635 662/470/698 
f 660/467/696 663/472/699 649/473/685 645/468/681 
f 661/469/697 664/474/700 663/472/699 660/467/696 
f 664/474/700 661/469/697 662/470/698 665/475/701 
f 662/470/698 599/471/635 605/476/641 665/475/701 
f 649/473/685 663/472/699 666/477/702 653/478/689 
f 663/472/699 664/474/700 667/479/703 666/477/702 
f 665/475/701 668/480/704 667/479/703 664/474/700 
f 610/481/646 668/480/704 665/475/701 605/476/641 
f 638/440/674 669/482/705 654/459/690 640/442/676 
f 638/440/674 636/438/672 670/483/706 669/482/705 
f 636/438/672 634/436/670 671/484/707 670/483/706 
f 618/416/654 671/484/707 634/436/670 620/418/656 
f 654/459/690 669/482/705 672/485/708 656/462/692 
f 669/482/705 670/483/706 673/486/709 672/485/708 
f 674/487/710 673/486/709 670/483/706 671/484/707 
f 618/416/654 617/414/653 674/487/710 671/484/707 
f 656/462/692 672/485/708 675/488/711 658/464/694 
f 676/489/712 675/488/711 672/485/708 673/486/709 
f 677/490/713 676/489/712 673/486/709 674/487/710 
f 617/414/653 614/411/650 677/490/713 674/487/710 
f 592/389/628 658/464/694 675/488/711 589/386/625 
f 589/386/625 675/488/711 676/489/712 593/390/629 
f 593/390/629 676/489/712 677/490/713 596/392/632 
f 677/490/713 614/411/650 598/394/634 596/392/632 
f 678/491/714 668/492/704 610/407/646 609/406/645 
f 611/408/647 679/493/715 678/491/714 609/406/645 
f 612/409/648 680/494/716 679/493/715 611/408/647 
f 630/495/666 680/494/716 612/409/648 613/410/649 
f 678/491/714 681/497/717 667/496/703 668/492/704 
f 679/493/715 682/498/718 681/497/717 678/491/714 
f 683/499/719 682/498/718 679/493/715 680/494/716 
f 683/499/719 680/494/716 630/495/666 631/500/667 
f 681/497/717 684/502/720 666/501/702 667/496/703 
f 684/502/720 681/497/717 682/498/718 685/503/721 
f 682/498/718 683/499/719 686/504/722 685/503/721 
f 686/504/722 683/499/719 631/500/667 632/505/668 
f 666/501/702 684/502/720 652/506/688 653/507/689 
f 652/506/688 684/502/720 685/503/721 651/508/687 
f 686/504/722 650/509/686 651/508/687 685/503/721 
f 632/505/668 633/510/669 650/509/686 686/504/722 
f 687/386/723 688/387/724 689/388/725 690/389/726 
f 691/390/727 692/391/728 688/387/724 687/386/723 
f 691/390/727 693/392/729 694/393/730 692/391/728 
f 693/392/729 695/394/731 696/395/732 694/393/730 
f 697/396/733 689/388/725 688/387/724 698/397/734 
f 692/391/728 699/398/735 698/397/734 688/387/724 
f 694/393/730 700/399/736 699/398/735 692/391/728 
f 696/395/732 701/400/737 700/399/736 694/393/730 
f 697/396/733 698/397/734 702/402/738 703/401/739 
f 698/397/734 699/398/735 704/403/740 702/402/738 
f 700/399/736 705/404/741 704/403/740 699/398/735 
f 701/400/737 706/405/742 705/404/741 700/399/736 
f 707/407/743 703/401/739 702/402/738 708/406/744 
f 704/403/740 709/408/745 708/406/744 702/402/738 
f 705/404/741 710/409/746 709/408/745 704/403/740 
f 706/405/742 711/410/747 710/409/746 705/404/741 
f 712/411/748 713/412/749 696/413/732 695/394/731 
f 714/414/750 715/415/751 713/412/749 712/411/748 
f 714/414/750 716/416/752 717/417/753 715/415/751 
f 716/416/752 718/418/754 719/419/755 717/417/753 
f 701/420/737 696/413/732 713/412/749 720/421/756 
f 715/415/751 721/422/757 720/421/756 713/412/749 
f 717/417/753 722/423/758 721/422/757 715/415/751 
f 723/424/759 722/423/758 717/417/753 719/419/755 
f 701/420/737 720/421/756 724/426/760 706/425/742 
f 720/421/756 721/422/757 725/427/761 724/426/760 
f 722/423/758 726/428/762 725/427/761 721/422/757 
f 727/429/763 726/428/762 722/423/758 723/424/759 
f 728/430/764 711/431/747 706/425/742 724/426/760 
f 725/427/761 729/432/765 728/430/764 724/426/760 
f 730/433/766 729/432/765 725/427/761 726/428/762 
f 730/433/766 726/428/762 727/429/763 731/434/767 
f 732/436/768 733/437/769 719/435/755 718/418/754 
f 734/438/770 735/439/771 733/437/769 732/436/768 
f 734/438/770 736/440/772 737/441/773 735/439/771 
f 736/440/772 738/442/774 739/443/775 737/441/773 
f 733/437/769 740/445/776 723/444/759 719/435/755 
f 735/439/771 741/446/777 740/445/776 733/437/769 
f 735/439/771 737/441/773 742/447/778 741/446/777 
f 743/448/779 742/447/778 737/441/773 739/443/775 
f 740/445/776 744/449/780 727/450/763 723/444/759 
f 745/451/781 744/449/780 740/445/776 741/446/777 
f 745/451/781 741/446/777 742/447/778 746/452/782 
f 742/447/778 743/448/779 747/453/783 746/452/782 
f 727/450/763 744/449/780 748/455/784 731/454/767 
f 745/451/781 749/456/785 748/455/784 744/449/780 
f 746/452/782 750/457/786 749/456/785 745/451/781 
f 746/452/782 747/453/783 751/458/787 750/457/786 
f 739/461/775 738/442/774 752/459/788 753/460/789 
f 754/463/790 753/460/789 752/459/788 755/462/791 
f 755/462/791 756/464/792 757/465/793 754/463/790 
f 756/464/792 690/389/726 689/466/725 757/465/793 
f 739/461/775 753/460/789 758/467/794 743/468/779 
f 758/467/794 753/460/789 754/463/790 759/469/795 
f 760/470/796 759/469/795 754/463/790 757/465/793 
f 689/466/725 697/471/733 760/470/796 757/465/793 
f 743/468/779 758/467/794 761/472/797 747/473/783 
f 758/467/794 759/469/795 762/474/798 761/472/797 
f 762/474/798 759/469/795 760/470/796 763/475/799 
f 697/471/733 703/476/739 763/475/799 760/470/796 
f 764/477/800 751/478/787 747/473/783 761/472/797 
f 761/472/797 762/474/798 765/479/801 764/477/800 
f 762/474/798 763/475/799 766/480/802 765/479/801 
f 707/481/743 766/480/802 763/475/799 703/476/739 
f 736/440/772 767/482/803 752/459/788 738/442/774 
f 767/482/803 736/440/772 734/438/770 768/483/804 
f 732/436/768 769/484/805 768/483/804 734/438/770 
f 732/436/768 718/418/754 716/416/752 769/484/805 
f 767/482/803 770/485/806 755/462/791 752/459/788 
f 770/485/806 767/482/803 768/483/804 771/486/807 
f 772/487/808 771/486/807 768/483/804 769/484/805 
f 714/414/750 772/487/808 769/484/805 716/416/752 
f 755/462/791 770/485/806 773/488/809 756/464/792 
f 770/485/806 771/486/807 774/489/810 773/488/809 
f 774/489/810 771/486/807 772/487/808 775/490/811 
f 714/414/750 712/411/748 775/490/811 772/487/808 
f 756/464/792 773/488/809 687/386/723 690/389/726 
f 774/489/810 691/390/727 687/386/723 773/488/809 
f 775/490/811 693/392/729 691/390/727 774/489/810 
f 775/490/811 712/411/748 695/394/731 693/392/729 
f 766/492/802 707/407/743 708/406/744 776/491/812 
f 709/408/745 777/493/813 776/491/812 708/406/744 
f 710/409/746 778/494/814 777/493/813 709/408/745 
f 728/495/764 778/494/814 710/409/746 711/410/747 
f 776/491/812 779/497/815 765/496/801 766/492/802 
f 777/493/813 780/498/816 779/497/815 776/491/812 
f 781/499/817 780/498/816 777/493/813 778/494/814 
f 781/499/817 778/494/814 728/495/764 729/500/765 
f 779/497/815 782/502/818 764/501/800 765/496/801 
f 782/502/818 779/497/815 780/498/816 783/503/819 
f 780/498/816 781/499/817 784/504/820 783/503/819 
f 784/504/820 781/499/817 729/500/765 730/505/766 
f 764/501/800 782/502/818 750/506/786 751/507/787 
f 750/506/786 782/502/818 783/503/819 749/508/785 
f 784/504/820 748/509/784 749/508/785 783/503/819 
f 730/505/766 731/510/767 748/509/784 784/504/820 
f 785/386/821 786/387/822 787/388/823 788/389/824 
f 789/390/825 790/391/826 786/387/822 785/386/821 
f 789/390/825 791/392/827 792/393/828 790/391/826 
f 791/392/827 793/394/829 794/395/830 792/393/828 
f 795/396/831 787/388/823 786/387/822 796/397/832 
f 790/391/826 797/398/833 796/397/832 786/387/822 
f 792/393/828 798/399/834 797/398/833 790/391/826 
f 794/395/830 799/400/835 798/399/834 792/393/828 
f 795/396/831 796/397/832 800/402/836 801/401/837 
f 796/397/832 797/398/833 802/403/838 800/402/836 
f 798/399/834 803/404/839 802/403/838 797/398/833 
f 799/400/835 804/405/840 803/404/839 798/399/834 
f 805/406/841 806/407/842 801/401/837 800/402/836 
f 800/402/836 802/403/838 807/408/843 805/406/841 
f 803/404/839 808/409/844 807/408/843 802/403/838 
f 808/409/844 803/404/839 804/405/840 809/410/845 
f 810/411/846 811/412/847 794/413/830 793/394/829 
f 812/414/848 813/415/849 811/412/847 810/411/846 
f 812/414/848 814/416/850 815/417/851 813/415/849 
f 814/416/850 816/418/852 817/419/853 815/417/851 
f 799/420/835 794/413/830 811/412/847 818/421/854 
f 813/415/849 819/422/855 818/421/854 811/412/847 
f 815/417/851 820/423/856 819/422/855 813/415/849 
f 821/424/857 820/423/856 815/417/851 817/419/853 
f 799/420/835 818/421/854 822/426/858 804/425/840 
f 818/421/854 819/422/855 823/427/859 822/426/858 
f 820/423/856 824/428/860 823/427/859 819/422/855 
f 825/429/861 824/428/860 820/423/856 821/424/857 
f 804/425/840 822/426/858 826/430/862 809/431/845 
f 823/427/859 827/432/863 826/430/862 822/426/858 
f 828/433/864 827/432/863 823/427/859 824/428/860 
f 825/429/861 829/434/865 828/433/864 824/428/860 
f 830/436/866 831/437/867 817/435/853 816/418/852 
f 832/438/868 833/439/869 831/437/867 830/436/866 
f 832/438/868 834/440/870 835/441/871 833/439/869 
f 834/440/870 836/442/872 837/443/873 835/441/871 
f 831/437/867 838/445/874 821/444/857 817/435/853 
f 833/439/869 839/446/875 838/445/874 831/437/867 
f 833/439/869 835/441/871 840/447/876 839/446/875 
f 841/448/877 840/447/876 835/441/871 837/443/873 
f 838/445/874 842/449/878 825/450/861 821/444/857 
f 843/451/879 842/449/878 838/445/874 839/446/875 
f 843/451/879 839/446/875 840/447/876 844/452/880 
f 845/453/881 844/452/880 840/447/876 841/448/877 
f 842/449/878 846/455/882 829/454/865 825/450/861 
f 842/449/878 843/451/879 847/456/883 846/455/882 
f 848/457/884 847/456/883 843/451/879 844/452/880 
f 844/452/880 845/453/881 849/458/885 848/457/884 
f 837/461/873 836/442/872 850/459/886 851/460/887 
f 852/463/888 851/460/887 850/459/886 853/462/889 
f 853/462/889 854/464/890 855/465/891 852/463/888 
f 854/464/890 788/389/824 787/466/823 855/465/891 
f 837/461/873 851/460/887 856/467/892 841/468/877 
f 856/467/892 851/460/887 852/463/888 857/469/893 
f 858/470/894 857/469/893 852/463/888 855/465/891 
f 787/466/823 795/471/831 858/470/894 855/465/891 
f 841/468/877 856/467/892 859/472/895 845/473/881 
f 856/467/892 857/469/893 860/474/896 859/472/895 
f 860/474/896 857/469/893 858/470/894 861/475/897 
f 795/471/831 801/476/837 861/475/897 858/470/894 
f 845/473/881 859/472/895 862/477/898 849/478/885 
f 863/479/899 862/477/898 859/472/895 860/474/896 
f 861/475/897 864/480/900 863/479/899 860/474/896 
f 806/481/842 864/480/900 861/475/897 801/476/837 
f 834/440/870 865/482/901 850/459/886 836/442/872 
f 865/482/901 834/440/870 832/438/868 866/483/902 
f 830/436/866 867/484/903 866/483/902 832/438/868 
f 830/436/866 816/418/852 814/416/850 867/484/903 
f 865/482/901 868/485/904 853/462/889 850/459/886 
f 869/486/905 868/485/904 865/482/901 866/483/902 
f 870/487/906 869/486/905 866/483/902 867/484/903 
f 812/414/848 870/487/906 867/484/903 814/416/850 
f 853/462/889 868/485/904 871/488/907 854/464/890 
f 868/485/904 869/486/905 872/489/908 871/488/907 
f 872/489/908 869/486/905 870/487/906 873/490/909 
f 812/414/848 810/411/846 873/490/909 870/487/906 
f 854/464/890 871/488/907 785/386/821 788/389/824 
f 872/489/908 789/390/825 785/386/821 871/488/907 
f 873/490/909 791/392/827 789/390/825 872/489/908 
f 873/490/909 810/411/846 793/394/829 791/392/827 
f 864/492/900 806/407/842 805/406/841 874/491/910 
f 807/408/843 875/493/911 874/491/910 805/406/841 
f 808/409/844 876/494/912 875/493/911 807/408/843 
f 826/495/862 876/494/912 808/409/844 809/410/845 
f 874/491/910 877/497/913 863/496/899 864/492/900 
f 875/493/911 878/498/914 877/497/913 874/491/910 
f 879/499/915 878/498/914 875/493/911 876/494/912 
f 879/499/915 876/494/912 826/495/862 827/500/863 
f 877/497/913 880/502/916 862/501/898 863/496/899 
f 880/502/916 877/497/913 878/498/914 881/503/917 
f 878/498/914 879/499/915 882/504/918 881/503/917 
f 882/504/918 879/499/915 827/500/863 828/505/864 
f 862/501/898 880/502/916 848/506/884 849/507/885 
f 848/506/884 880/502/916 881/503/917 847/508/883 
f 882/504/918 846/509/882 847/508/883 881/503/917 
f 828/505/864 829/510/865 846/509/882 882/504/918 
f 883/386/919 884/387/920 885/388/921 886/389/922 
f 887/390/923 888/391/924 884/387/920 883/386/919 
f 887/390/923 889/392/925 890/393/926 888/391/924 
f 889/392/925 891/394/927 892/395/928 890/393/926 
f 893/396/929 885/388/921 884/387/920 894/397/930 
f 888/391/924 895/398/931 894/397/930 884/387/920 
f 890/393/926 896/399/932 895/398/931 888/391/924 
f 892/395/928 897/400/933 896/399/932 890/393/926 
f 893/396/929 894/397/930 898/402/934 899/401/935 
f 894/397/930 895/398/931 900/403/936 898/402/934 
f 896/399/932 901/404/937 900/403/936 895/398/931 
f 897/400/933 902/405/938 901/404/937 896/399/932 
f 903/406/939 904/407/940 899/401/935 898/402/934 
f 903/406/939 898/402/934 900/403/936 905/408/941 
f 905/408/941 900/403/936 901/404/937 906/409/942 
f 902/405/938 907/410/943 906/409/942 901/404/937 
f 908/411/944 909/412/945 892/413/928 891/394/927 
f 910/414/946 911/415/947 909/412/945 908/411/944 
f 910/414/946 912/416/948 913/417/949 911/415/947 
f 912/416/948 914/418/950 915/419/951 913/417/949 
f 897/420/933 892/413/928 909/412/945 916/421/952 
f 911/415/947 917/422/953 916/421/952 909/412/945 
f 913/417/949 918/423/954 917/422/953 911/415/947 
f 919/424/955 918/423/954 913/417/949 915/419/951 
f 897/420/933 916/421/952 920/426/956 902/425/938 
f 916/421/952 917/422/953 921/427/957 920/426/956 
f 918/423/954 922/428/958 921/427/957 917/422/953 
f 923/429/959 922/428/958 918/423/954 919/424/955 
f 920/426/956 924/430/960 907/431/943 902/425/938 
f 925/432/961 924/430/960 920/426/956 921/427/957 
f 925/432/961 921/427/957 922/428/958 926/433/962 
f 926/433/962 922/428/958 923/429/959 927/434/963 
f 928/436/964 929/437/965 915/435/951 914/418/950 
f 930/438/966 931/439/967 929/437/965 928/436/964 
f 930/438/966 932/440/968 933/441/969 931/439/967 
f 932/440/968 934/442/970 935/443/971 933/441/969 
f 929/437/965 936/445/972 919/444/955 915/435/951 
f 931/439/967 937/446/973 936/445/972 929/437/965 
f 931/439/967 933/441/969 938/447/974 937/446/973 
f 939/448/975 938/447/974 933/441/969 935/443/971 
f 936/445/972 940/449/976 923/450/959 919/444/955 
f 941/451/977 940/449/976 936/445/972 937/446/973 
f 941/451/977 937/446/973 938/447/974 942/452/978 
f 938/447/974 939/448/975 943/453/979 942/452/978 
f 940/449/976 944/455/980 927/454/963 923/450/959 
f 941/451/977 945/456/981 944/455/980 940/449/976 
f 942/452/978 946/457/982 945/456/981 941/451/977 
f 947/458/983 946/457/982 942/452/978 943/453/979 
f 935/461/971 934/442/970 948/459/984 949/460/985 
f 950/463/986 949/460/985 948/459/984 951/462/987 
f 951/462/987 952/464/988 953/465/989 950/463/986 
f 952/464/988 886/389/922 885/466/921 953/465/989 
f 935/461/971 949/460/985 954/467/990 939/468/975 
f 954/467/990 949/460/985 950/463/986 955/469/991 
f 956/470/992 955/469/991 950/463/986 953/465/989 
f 885/466/921 893/471/929 956/470/992 953/465/989 
f 939/468/975 954/467/990 957/472/993 943/473/979 
f 954/467/990 955/469/991 958/474/994 957/472/993 
f 958/474/994 955/469/991 956/470/992 959/475/995 
f 893/471/929 899/476/935 959/475/995 956/470/992 
f 960/477/996 947/478/983 943/473/979 957/472/993 
f 957/472/993 958/474/994 961/479/997 960/477/996 
f 958/474/994 959/475/995 962/480/998 961/479/997 
f 904/481/940 962/480/998 959/475/995 899/476/935 
f 932/440/968 963/482/999 948/459/984 934/442/970 
f 963/482/999 932/440/968 930/438/966 964/483/1000 
f 928/436/964 965/484/1001 964/483/1000 930/438/966 
f 928/436/964 914/418/950 912/416/948 965/484/1001 
f 963/482/999 966/485/1002 951/462/987 948/459/984 
f 966/485/1002 963/482/999 964/483/1000 967/486/1003 
f 968/487/1004 967/486/1003 964/483/1000 965/484/1001 
f 910/414/946 968/487/1004 965/484/1001 912/416/948 
f 951/462/987 966/485/1002 969/488/1005 952/464/988 
f 966/485/1002 967/486/1003 970/489/1006 969/488/1005 
f 970/489/1006 967/486/1003 968/487/1004 971/490/1007 
f 910/414/946 908/411/944 971/490/1007 968/487/1004 
f 952/464/988 969/488/1005 883/386/919 886/389/922 
f 970/489/1006 887/390/923 883/386/919 969/488/1005 
f 971/490/1007 889/392/925 887/390/923 970/489/1006 
f 971/490/1007 908/411/944 891/394/927 889/392/925 
f 903/406/939 972/491/1008 962/492/998 904/407/940 
f 905/408/941 973/493/1009 972/491/1008 903/406/939 
f 906/409/942 974/494/1010 973/493/1009 905/408/941 
f 924/495/960 974/494/1010 906/409/942 907/410/943 
f 972/491/1008 975/497/1011 961/496/997 962/492/998 
f 973/493/1009 976/498/1012 975/497/1011 972/491/1008 
f 977/499/1013 976/498/1012 973/493/1009 974/494/1010 
f 977/499/1013 974/494/1010 924/495/960 925/500/961 
f 975/497/1011 978/502/1014 960/501/996 961/496/997 
f 978/502/1014 975/497/1011 976/498/1012 979/503/1015 
f 976/498/1012 977/499/1013 980/504/1016 979/503/1015 
f 980/504/1016 977/499/1013 925/500/961 926/505/962 
f 960/501/996 978/502/1014 946/506/982 947/507/983 
f 946/506/982 978/502/1014 979/503/1015 945/508/981 
f 980/504/1016 944/509/980 945/508/981 979/503/1015 
f 926/505/962 927/510/963 944/509/980 980/504/1016 
f 981/386/1017 982/387/1018 983/388/1019 984/389/1020 
f 985/390/1021 986/391/1022 982/387/1018 981/386/1017 
f 985/390/1021 987/392/1023 988/393/1024 986/391/1022 
f 987/392/1023 989/394/1025 990/395/1026 988/393/1024 
f 991/396/1027 983/388/1019 982/387/1018 992/397/1028 
f 986/391/1022 993/398/1029 992/397/1028 982/387/1018 
f 988/393/1024 994/399/1030 993/398/1029 986/391/1022 
f 990/395/1026 995/400/1031 994/399/1030 988/393/1024 
f 991/396/1027 992/397/1028 996/402/1032 997/401/1033 
f 992/397/1028 993/398/1029 998/403/1034 996/402/1032 
f 994/399/1030 999/404/1035 998/403/1034 993/398/1029 
f 995/400/1031 1000/405/1036 999/404/1035 994/399/1030 
f 1001/406/1037 1002/407/1038 997/401/1033 996/402/1032 
f 996/402/1032 998/403/1034 1003/408/1039 1001/406/1037 
f 999/404/1035 1004/409/1040 1003/408/1039 998/403/1034 
f 1000/405/1036 1005/410/1041 1004/409/1040 999/404/1035 
f 1006/411/1042 1007/412/1043 990/413/1026 989/394/1025 
f 1008/414/1044 1009/415/1045 1007/412/1043 1006/411/1042 
f 1008/414/1044 1010/416/1046 1011/417/1047 1009/415/1045 
f 1010/416/1046 1012/418/1048 1013/419/1049 1011/417/1047 
f 995/420/1031 990/413/1026 1007/412/1043 1014/421/1050 
f 1009/415/1045 1015/422/1051 1014/421/1050 1007/412/1043 
f 1011/417/1047 1016/423/1052 1015/422/1051 1009/415/1045 
f 1017/424/1053 1016/423/1052 1011/417/1047 1013/419/1049 
f 995/420/1031 1014/421/1050 1018/426/1054 1000/425/1036 
f 1014/421/1050 1015/422/1051 1019/427/1055 1018/426/1054 
f 1016/423/1052 1020/428/1056 1019/427/1055 1015/422/1051 
f 1021/429/1057 1020/428/1056 1016/423/1052 1017/424/1053 
f 1018/426/1054 1022/430/1058 1005/431/1041 1000/425/1036 
f 1019/427/1055 1023/432/1059 1022/430/1058 1018/426/1054 
f 1024/433/1060 1023/432/1059 1019/427/1055 1020/428/1056 
f 1021/429/1057 1025/434/1061 1024/433/1060 1020/428/1056 
f 1026/436/1062 1027/437/1063 1013/435/1049 1012/418/1048 
f 1028/438/1064 1029/439/1065 1027/437/1063 1026/436/1062 
f 1028/438/1064 1030/440/1066 1031/441/1067 1029/439/1065 
f 1030/440/1066 1032/442/1068 1033/443/1069 1031/441/1067 
f 1027/437/1063 1034/445/1070 1017/444/1053 1013/435/1049 
f 1029/439/1065 1035/446/1071 1034/445/1070 1027/437/1063 
f 1029/439/1065 1031/441/1067 1036/447/1072 1035/446/1071 
f 1037/448/1073 1036/447/1072 1031/441/1067 1033/443/1069 
f 1034/445/1070 1038/449/1074 1021/450/1057 1017/444/1053 
f 1039/451/1075 1038/449/1074 1034/445/1070 1035/446/1071 
f 1039/451/1075 1035/446/1071 1036/447/1072 1040/452/1076 
f 1041/453/1077 1040/452/1076 1036/447/1072 1037/448/1073 
f 1038/449/1074 1042/455/1078 1025/454/1061 1021/450/1057 
f 1038/449/1074 1039/451/1075 1043/456/1079 1042/455/1078 
f 1040/452/1076 1044/457/1080 1043/456/1079 1039/451/1075 
f 1045/458/1081 1044/457/1080 1040/452/1076 1041/453/1077 
f 1033/461/1069 1032/442/1068 1046/459/1082 1047/460/1083 
f 1048/463/1084 1047/460/1083 1046/459/1082 1049/462/1085 
f 1049/462/1085 1050/464/1086 1051/465/1087 1048/463/1084 
f 1050/464/1086 984/389/1020 983/466/1019 1051/465/1087 
f 1033/461/1069 1047/460/1083 1052/467/1088 1037/468/1073 
f 1052/467/1088 1047/460/1083 1048/463/1084 1053/469/1089 
f 1054/470/1090 1053/469/1089 1048/463/1084 1051/465/1087 
f 983/466/1019 991/471/1027 1054/470/1090 1051/465/1087 
f 1037/468/1073 1052/467/1088 1055/472/1091 1041/473/1077 
f 1052/467/1088 1053/469/1089 1056/474/1092 1055/472/1091 
f 1056/474/1092 1053/469/1089 1054/470/1090 1057/475/1093 
f 991/471/1027 997/476/1033 1057/475/1093 1054/470/1090 
f 1055/472/1091 1058/477/1094 1045/478/1081 1041/473/1077 
f 1055/472/1091 1056/474/1092 1059/479/1095 1058/477/1094 
f 1056/474/1092 1057/475/1093 1060/480/1096 1059/479/1095 
f 1002/481/1038 1060/480/1096 1057/475/1093 997/476/1033 
f 1030/440/1066 1061/482/1097 1046/459/1082 1032/442/1068 
f 1061/482/1097 1030/440/1066 1028/438/1064 1062/483/1098 
f 1026/436/1062 1063/484/1099 1062/483/1098 1028/438/1064 
f 1026/436/1062 1012/418/1048 1010/416/1046 1063/484/1099 
f 1061/482/1097 1064/485/1100 1049/462/1085 1046/459/1082 
f 1064/485/1100 1061/482/1097 1062/483/1098 1065/486/1101 
f 1066/487/1102 1065/486/1101 1062/483/1098 1063/484/1099 
f 1008/414/1044 1066/487/1102 1063/484/1099 1010/416/1046 
f 1049/462/1085 1064/485/1100 1067/488/1103 1050/464/1086 
f 1064/485/1100 1065/486/1101 1068/489/1104 1067/488/1103 
f 1068/489/1104 1065/486/1101 1066/487/1102 1069/490/1105 
f 1008/414/1044 1006/411/1042 1069/490/1105 1066/487/1102 
f 1050/464/1086 1067/488/1103 981/386/1017 984/389/1020 
f 1068/489/1104 985/390/1021 981/386/1017 1067/488/1103 
f 1069/490/1105 987/392/1023 985/390/1021 1068/489/1104 
f 1069/490/1105 1006/411/1042 989/394/1025 987/392/1023 
f 1001/406/1037 1070/491/1106 1060/492/1096 1002/407/1038 
f 1003/408/1039 1071/493/1107 1070/491/1106 1001/406/1037 
f 1004/409/1040 1072/494/1108 1071/493/1107 1003/408/1039 
f 1022/495/1058 1072/494/1108 1004/409/1040 1005/410/1041 
f 1070/491/1106 1073/497/1109 1059/496/1095 1060/492/1096 
f 1071/493/1107 1074/498/1110 1073/497/1109 1070/491/1106 
f 1075/499/1111 1074/498/1110 1071/493/1107 1072/494/1108 
f 1075/499/1111 1072/494/1108 1022/495/1058 1023/500/1059 
f 1073/497/1109 1076/502/1112 1058/501/1094 1059/496/1095 
f 1076/502/1112 1073/497/1109 1074/498/1110 1077/503/1113 
f 1074/498/1110 1075/499/1111 1078/504/1114 1077/503/1113 
f 1078/504/1114 1075/499/1111 1023/500/1059 1024/505/1060 
f 1058/501/1094 1076/502/1112 1044/506/1080 1045/507/1081 
f 1044/506/1080 1076/502/1112 1077/503/1113 1043/508/1079 
f 1078/504/1114 1042/509/1078 1043/508/1079 1077/503/1113 
f 1024/505/1060 1025/510/1061 1042/509/1078 1078/504/1114 
f 1079/386/1115 1080/387/1116 1081/388/1117 1082/389/1118 
f 1083/390/1119 1084/391/1120 1080/387/1116 1079/386/1115 
f 1083/390/1119 1085/392/1121 1086/393/1122 1084/391/1120 
f 1085/392/1121 1087/394/1123 1088/395/1124 1086/393/1122 
f 1089/396/1125 1081/388/1117 1080/387/1116 1090/397/1126 
f 1084/391/1120 1091/398/1127 1090/397/1126 1080/387/1116 
f 1086/393/1122 1092/399/1128 1091/398/1127 1084/391/1120 
f 1088/395/1124 1093/400/1129 1092/399/1128 1086/393/1122 
f 1089/396/1125 1090/397/1126 1094/402/1130 1095/401/1131 
f 1090/397/1126 1091/398/1127 1096/403/1132 1094/402/1130 
f 1092/399/1128 1097/404/1133 1096/403/1132 1091/398/1127 
f 1093/400/1129 1098/405/1134 1097/404/1133 1092/399/1128 
f 1099/407/1135 1095/401/1131 1094/402/1130 1100/406/1136 
f 1094/402/1130 1096/403/1132 1101/408/1137 1100/406/1136 
f 1096/403/1132 1097/404/1133 1102/409/1138 1101/408/1137 
f 1097/404/1133 1098/405/1134 1103/410/1139 1102/409/1138 
f 1104/411/1140 1105/412/1141 1088/413/1124 1087/394/1123 
f 1106/414/1142 1107/415/1143 1105/412/1141 1104/411/1140 
f 1106/414/1142 1108/416/1144 1109/417/1145 1107/415/1143 
f 1108/416/1144 1110/418/1146 1111/419/1147 1109/417/1145 
f 1093/420/1129 1088/413/1124 1105/412/1141 1112/421/1148 
f 1107/415/1143 1113/422/1149 1112/421/1148 1105/412/1141 
f 1109/417/1145 1114/423/1150 1113/422/1149 1107/415/1143 
f 1115/424/1151 1114/423/1150 1109/417/1145 1111/419/1147 
f 1093/420/1129 1112/421/1148 1116/426/1152 1098/425/1134 
f 1112/421/1148 1113/422/1149 1117/427/1153 1116/426/1152 
f 1114/423/1150 1118/428/1154 1117/427/1153 1113/422/1149 
f 1119/429/1155 1118/428/1154 1114/423/1150 1115/424/1151 
f 1116/426/1152 1120/430/1156 1103/431/1139 1098/425/1134 
f 1121/432/1157 1120/430/1156 1116/426/1152 1117/427/1153 
f 1122/433/1158 1121/432/1157 1117/427/1153 1118/428/1154 
f 1122/433/1158 1118/428/1154 1119/429/1155 1123/434/1159 
f 1124/436/1160 1125/437/1161 1111/435/1147 1110/418/1146 
f 1126/438/1162 1127/439/1163 1125/437/1161 1124/436/1160 
f 1126/438/1162 1128/440/1164 1129/441/1165 1127/439/1163 
f 1128/440/1164 1130/442/1166 1131/443/1167 1129/441/1165 
f 1125/437/1161 1132/445/1168 1115/444/1151 1111/435/1147 
f 1127/439/1163 1133/446/1169 1132/445/1168 1125/437/1161 
f 1127/439/1163 1129/441/1165 1134/447/1170 1133/446/1169 
f 1135/448/1171 1134/447/1170 1129/441/1165 1131/443/1167 
f 1132/445/1168 1136/449/1172 1119/450/1155 1115/444/1151 
f 1137/451/1173 1136/449/1172 1132/445/1168 1133/446/1169 
f 1137/451/1173 1133/446/1169 1134/447/1170 1138/452/1174 
f 1134/447/1170 1135/448/1171 1139/453/1175 1138/452/1174 
f 1123/454/1159 1119/450/1155 1136/449/1172 1140/455/1176 
f 1136/449/1172 1137/451/1173 1141/456/1177 1140/455/1176 
f 1137/451/1173 1138/452/1174 1142/457/1178 1141/456/1177 
f 1142/457/1178 1138/452/1174 1139/453/1175 1143/458/1179 
f 1131/461/1167 1130/442/1166 1144/459/1180 1145/460/1181 
f 1146/463/1182 1145/460/1181 1144/459/1180 1147/462/1183 
f 1147/462/1183 1148/464/1184 1149/465/1185 1146/463/1182 
f 1148/464/1184 1082/389/1118 1081/466/1117 1149/465/1185 
f 1131/461/1167 1145/460/1181 1150/467/1186 1135/468/1171 
f 1150/467/1186 1145/460/1181 1146/463/1182 1151/469/1187 
f 1152/470/1188 1151/469/1187 1146/463/1182 1149/465/1185 
f 1081/466/1117 1089/471/1125 1152/470/1188 1149/465/1185 
f 1135/468/1171 1150/467/1186 1153/472/1189 1139/473/1175 
f 1150/467/1186 1151/469/1187 1154/474/1190 1153/472/1189 
f 1154/474/1190 1151/469/1187 1152/470/1188 1155/475/1191 
f 1089/471/1125 1095/476/1131 1155/475/1191 1152/470/1188 
f 1156/477/1192 1143/478/1179 1139/473/1175 1153/472/1189 
f 1153/472/1189 1154/474/1190 1157/479/1193 1156/477/1192 
f 1155/475/1191 1158/480/1194 1157/479/1193 1154/474/1190 
f 1158/480/1194 1155/475/1191 1095/476/1131 1099/481/1135 
f 1128/440/1164 1159/482/1195 1144/459/1180 1130/442/1166 
f 1159/482/1195 1128/440/1164 1126/438/1162 1160/483/1196 
f 1124/436/1160 1161/484/1197 1160/483/1196 1126/438/1162 
f 1124/436/1160 1110/418/1146 1108/416/1144 1161/484/1197 
f 1159/482/1195 1162/485/1198 1147/462/1183 1144/459/1180 
f 1163/486/1199 1162/485/1198 1159/482/1195 1160/483/1196 
f 1164/487/1200 1163/486/1199 1160/483/1196 1161/484/1197 
f 1106/414/1142 1164/487/1200 1161/484/1197 1108/416/1144 
f 1147/462/1183 1162/485/1198 1165/488/1201 1148/464/1184 
f 1162/485/1198 1163/486/1199 1166/489/1202 1165/488/1201 
f 1166/489/1202 1163/486/1199 1164/487/1200 1167/490/1203 
f 1106/414/1142 1104/411/1140 1167/490/1203 1164/487/1200 
f 1148/464/1184 1165/488/1201 1079/386/1115 1082/389/1118 
f 1166/489/1202 1083/390/1119 1079/386/1115 1165/488/1201 
f 1167/490/1203 1085/392/1121 1083/390/1119 1166/489/1202 
f 1167/490/1203 1104/411/1140 1087/394/1123 1085/392/1121 
f 1158/492/1194 1099/407/1135 1100/406/1136 1168/491/1204 
f 1101/408/1137 1169/493/1205 1168/491/1204 1100/406/1136 
f 1102/409/1138 1170/494/1206 1169/493/1205 1101/408/1137 
f 1120/495/1156 1170/494/1206 1102/409/1138 1103/410/1139 
f 1168/491/1204 1171/497/1207 1157/496/1193 1158/492/1194 
f 1169/493/1205 1172/498/1208 1171/497/1207 1168/491/1204 
f 1173/499/1209 1172/498/1208 1169/493/1205 1170/494/1206 
f 1173/499/1209 1170/494/1206 1120/495/1156 1121/500/1157 
f 1171/497/1207 1174/502/1210 1156/501/1192 1157/496/1193 
f 1174/502/1210 1171/497/1207 1172/498/1208 1175/503/1211 
f 1172/498/1208 1173/499/1209 1176/504/1212 1175/503/1211 
f 1176/504/1212 1173/499/1209 1121/500/1157 1122/505/1158 
f 1156/501/1192 1174/502/1210 1142/506/1178 1143/507/1179 
f 1142/506/1178 1174/502/1210 1175/503/1211 1141/508/1177 
f 1176/504/1212 1140/509/1176 1141/508/1177 1175/503/1211 
f 1122/505/1158 1123/510/1159 1140/509/1176 1176/504/1212 
f 1177/386/1213 1178/387/1214 1179/388/1215 1180/389/1216 
f 1181/390/1217 1182/391/1218 1178/387/1214 1177/386/1213 
f 1181/390/1217 1183/392/1219 1184/393/1220 1182/391/1218 
f 1183/392/1219 1185/394/1221 1186/395/1222 1184/393/1220 
f 1187/396/1223 1179/388/1215 1178/387/1214 1188/397/1224 
f 1182/391/1218 1189/398/1225 1188/397/1224 1178/387/1214 
f 1184/393/1220 1190/399/1226 1189/398/1225 1182/391/1218 
f 1186/395/1222 1191/400/1227 1190/399/1226 1184/393/1220 
f 1187/396/1223 1188/397/1224 1192/402/1228 1193/401/1229 
f 1188/397/1224 1189/398/1225 1194/403/1230 1192/402/1228 
f 1190/399/1226 1195/404/1231 1194/403/1230 1189/398/1225 
f 1191/400/1227 1196/405/1232 1195/404/1231 1190/399/1226 
f 1197/406/1233 1198/407/1234 1193/401/1229 1192/402/1228 
f 1197/406/1233 1192/402/1228 1194/403/1230 1199/408/1235 
f 1199/408/1235 1194/403/1230 1195/404/1231 1200/409/1236 
f 1196/405/1232 1201/410/1237 1200/409/1236 1195/404/1231 
f 1202/411/1238 1203/412/1239 1186/413/1222 1185/394/1221 
f 1204/414/1240 1205/415/1241 1203/412/1239 1202/411/1238 
f 1204/414/1240 1206/416/1242 1207/417/1243 1205/415/1241 
f 1206/416/1242 1208/418/1244 1209/419/1245 1207/417/1243 
f 1191/420/1227 1186/413/1222 1203/412/1239 1210/421/1246 
f 1205/415/1241 1211/422/1247 1210/421/1246 1203/412/1239 
f 1207/417/1243 1212/423/1248 1211/422/1247 1205/415/1241 
f 1213/424/1249 1212/423/1248 1207/417/1243 1209/419/1245 
f 1191/420/1227 1210/421/1246 1214/426/1250 1196/425/1232 
f 1210/421/1246 1211/422/1247 1215/427/1251 1214/426/1250 
f 1212/423/1248 1216/428/1252 1215/427/1251 1211/422/1247 
f 1217/429/1253 1216/428/1252 1212/423/1248 1213/424/1249 
f 1214/426/1250 1218/430/1254 1201/431/1237 1196/425/1232 
f 1219/432/1255 1218/430/1254 1214/426/1250 1215/427/1251 
f 1216/428/1252 1220/433/1256 1219/432/1255 1215/427/1251 
f 1220/433/1256 1216/428/1252 1217/429/1253 1221/434/1257 
f 1222/436/1258 1223/437/1259 1209/435/1245 1208/418/1244 
f 1224/438/1260 1225/439/1261 1223/437/1259 1222/436/1258 
f 1224/438/1260 1226/440/1262 1227/441/1263 1225/439/1261 
f 1226/440/1262 1228/442/1264 1229/443/1265 1227/441/1263 
f 1223/437/1259 1230/445/1266 1213/444/1249 1209/435/1245 
f 1225/439/1261 1231/446/1267 1230/445/1266 1223/437/1259 
f 1225/439/1261 1227/441/1263 1232/447/1268 1231/446/1267 
f 1233/448/1269 1232/447/1268 1227/441/1263 1229/443/1265 
f 1230/445/1266 1234/449/1270 1217/450/1253 1213/444/1249 
f 1235/451/1271 1234/449/1270 1230/445/1266 1231/446/1267 
f 1235/451/1271 1231/446/1267 1232/447/1268 1236/452/1272 
f 1232/447/1268 1233/448/1269 1237/453/1273 1236/452/1272 
f 1221/454/1257 1217/450/1253 1234/449/1270 1238/455/1274 
f 1235/451/1271 1239/456/1275 1238/455/1274 1234/449/1270 
f 1236/452/1272 1240/457/1276 1239/456/1275 1235/451/1271 
f 1236/452/1272 1237/453/1273 1241/458/1277 1240/457/1276 
f 1229/461/1265 1228/442/1264 1242/459/1278 1243/460/1279 
f 1244/463/1280 1243/460/1279 1242/459/1278 1245/462/1281 
f 1245/462/1281 1246/464/1282 1247/465/1283 1244/463/1280 
f 1246/464/1282 1180/389/1216 1179/466/1215 1247/465/1283 
f 1229/461/1265 1243/460/1279 1248/467/1284 1233/468/1269 
f 1248/467/1284 1243/460/1279 1244/463/1280 1249/469/1285 
f 1250/470/1286 1249/469/1285 1244/463/1280 1247/465/1283 
f 1179/466/1215 1187/471/1223 1250/470/1286 1247/465/1283 
f 1233/468/1269 1248/467/1284 1251/472/1287 1237/473/1273 
f 1248/467/1284 1249/469/1285 1252/474/1288 1251/472/1287 
f 1252/474/1288 1249/469/1285 1250/470/1286 1253/475/1289 
f 1187/471/1223 1193/476/1229 1253/475/1289 1250/470/1286 
f 1254/477/1290 1241/478/1277 1237/473/1273 1251/472/1287 
f 1251/472/1287 1252/474/1288 1255/479/1291 1254/477/1290 
f 1252/474/1288 1253/475/1289 1256/480/1292 1255/479/1291 
f 1198/481/1234 1256/480/1292 1253/475/1289 1193/476/1229 
f 1226/440/1262 1257/482/1293 1242/459/1278 1228/442/1264 
f 1257/482/1293 1226/440/1262 1224/438/1260 1258/483/1294 
f 1222/436/1258 1259/484/1295 1258/483/1294 1224/438/1260 
f 1222/436/1258 1208/418/1244 1206/416/1242 1259/484/1295 
f 1257/482/1293 1260/485/1296 1245/462/1281 1242/459/1278 
f 1260/485/1296 1257/482/1293 1258/483/1294 1261/486/1297 
f 1262/487/1298 1261/486/1297 1258/483/1294 1259/484/1295 
f 1204/414/1240 1262/487/1298 1259/484/1295 1206/416/1242 
f 1245/462/1281 1260/485/1296 1263/488/1299 1246/464/1282 
f 1260/485/1296 1261/486/1297 1264/489/1300 1263/488/1299 
f 1264/489/1300 1261/486/1297 1262/487/1298 1265/490/1301 
f 1204/414/1240 1202/411/1238 1265/490/1301 1262/487/1298 
f 1246/464/1282 1263/488/1299 1177/386/1213 1180/389/1216 
f 1264/489/1300 1181/390/1217 1177/386/1213 1263/488/1299 
f 1265/490/1301 1183/392/1219 1181/390/1217 1264/489/1300 
f 1265/490/1301 1202/411/1238 1185/394/1221 1183/392/1219 
f 1197/406/1233 1266/491/1302 1256/492/1292 1198/407/1234 
f 1199/408/1235 1267/493/1303 1266/491/1302 1197/406/1233 
f 1200/409/1236 1268/494/1304 1267/493/1303 1199/408/1235 
f 1218/495/1254 1268/494/1304 1200/409/1236 1201/410/1237 
f 1266/491/1302 1269/497/1305 1255/496/1291 1256/492/1292 
f 1267/493/1303 1270/498/1306 1269/497/1305 1266/491/1302 
f 1271/499/1307 1270/498/1306 1267/493/1303 1268/494/1304 
f 1271/499/1307 1268/494/1304 1218/495/1254 1219/500/1255 
f 1269/497/1305 1272/502/1308 1254/501/1290 1255/496/1291 
f 1272/502/1308 1269/497/1305 1270/498/1306 1273/503/1309 
f 1270/498/1306 1271/499/1307 1274/504/1310 1273/503/1309 
f 1274/504/1310 1271/499/1307 1219/500/1255 1220/505/1256 
f 1254/501/1290 1272/502/1308 1240/506/1276 1241/507/1277 
f 1240/506/1276 1272/502/1308 1273/503/1309 1239/508/1275 
f 1274/504/1310 1238/509/1274 1239/508/1275 1273/503/1309 
f 1220/505/1256 1221/510/1257 1238/509/1274 1274/504/1310 
f 1275/386/1311 1276/387/1312 1277/388/1313 1278/389/1314 
f 1279/390/1315 1280/391/1316 1276/387/1312 1275/386/1311 
f 1279/390/1315 1281/392/1317 1282/393/1318 1280/391/1316 
f 1281/392/1317 1283/394/1319 1284/395/1320 1282/393/1318 
f 1285/396/1321 1277/388/1313 1276/387/1312 1286/397/1322 
f 1280/391/1316 1287/398/1323 1286/397/1322 1276/387/1312 
f 1282/393/1318 1288/399/1324 1287/398/1323 1280/391/1316 
f 1284/395/1320 1289/400/1325 1288/399/1324 1282/393/1318 
f 1285/396/1321 1286/397/1322 1290/402/1326 1291/401/1327 
f 1286/397/1322 1287/398/1323 1292/403/1328 1290/402/1326 
f 1288/399/1324 1293/404/1329 1292/403/1328 1287/398/1323 
f 1289/400/1325 1294/405/1330 1293/404/1329 1288/399/1324 
f 1295/407/1331 1291/401/1327 1290/402/1326 1296/406/1332 
f 1292/403/1328 1297/408/1333 1296/406/1332 1290/402/1326 
f 1297/408/1333 1292/403/1328 1293/404/1329 1298/409/1334 
f 1298/409/1334 1293/404/1329 1294/405/1330 1299/410/1335 
f 1300/411/1336 1301/412/1337 1284/413/1320 1283/394/1319 
f 1302/414/1338 1303/415/1339 1301/412/1337 1300/411/1336 
f 1302/414/1338 1304/416/1340 1305/417/1341 1303/415/1339 
f 1304/416/1340 1306/418/1342 1307/419/1343 1305/417/1341 
f 1289/420/1325 1284/413/1320 1301/412/1337 1308/421/1344 
f 1303/415/1339 1309/422/1345 1308/421/1344 1301/412/1337 
f 1305/417/1341 1310/423/1346 1309/422/1345 1303/415/1339 
f 1311/424/1347 1310/423/1346 1305/417/1341 1307/419/1343 
f 1289/420/1325 1308/421/1344 1312/426/1348 1294/425/1330 
f 1308/421/1344 1309/422/1345 1313/427/1349 1312/426/1348 
f 1310/423/1346 1314/428/1350 1313/427/1349 1309/422/1345 
f 1315/429/1351 1314/428/1350 1310/423/1346 1311/424/1347 
f 1312/426/1348 1316/430/1352 1299/431/1335 1294/425/1330 
f 1312/426/1348 1313/427/1349 1317/432/1353 1316/430/1352 
f 1318/433/1354 1317/432/1353 1313/427/1349 1314/428/1350 
f 1318/433/1354 1314/428/1350 1315/429/1351 1319/434/1355 
f 1320/436/1356 1321/437/1357 1307/435/1343 1306/418/1342 
f 1322/438/1358 1323/439/1359 1321/437/1357 1320/436/1356 
f 1322/438/1358 1324/440/1360 1325/441/1361 1323/439/1359 
f 1324/440/1360 1326/442/1362 1327/443/1363 1325/441/1361 
f 1321/437/1357 1328/445/1364 1311/444/1347 1307/435/1343 
f 1323/439/1359 1329/446/1365 1328/445/1364 1321/437/1357 
f 1323/439/1359 1325/441/1361 1330/447/1366 1329/446/1365 
f 1331/448/1367 1330/447/1366 1325/441/1361 1327/443/1363 
f 1328/445/1364 1332/449/1368 1315/450/1351 1311/444/1347 
f 1333/451/1369 1332/449/1368 1328/445/1364 1329/446/1365 
f 1333/451/1369 1329/446/1365 1330/447/1366 1334/452/1370 
f 1330/447/1366 1331/448/1367 1335/453/1371 1334/452/1370 
f 1315/450/1351 1332/449/1368 1336/455/1372 1319/454/1355 
f 1333/451/1369 1337/456/1373 1336/455/1372 1332/449/1368 
f 1333/451/1369 1334/452/1370 1338/457/1374 1337/456/1373 
f 1334/452/1370 1335/453/1371 1339/458/1375 1338/457/1374 
f 1327/461/1363 1326/442/1362 1340/459/1376 1341/460/1377 
f 1342/463/1378 1341/460/1377 1340/459/1376 1343/462/1379 
f 1343/462/1379 1344/464/1380 1345/465/1381 1342/463/1378 
f 1344/464/1380 1278/389/1314 1277/466/1313 1345/465/1381 
f 1327/461/1363 1341/460/1377 1346/467/1382 1331/468/1367 
f 1346/467/1382 1341/460/1377 1342/463/1378 1347/469/1383 
f 1348/470/1384 1347/469/1383 1342/463/1378 1345/465/1381 
f 1277/466/1313 1285/471/1321 1348/470/1384 1345/465/1381 
f 1331/468/1367 1346/467/1382 1349/472/1385 1335/473/1371 
f 1346/467/1382 1347/469/1383 1350/474/1386 1349/472/1385 
f 1350/474/1386 1347/469/1383 1348/470/1384 1351/475/1387 
f 1285/471/1321 1291/476/1327 1351/475/1387 1348/470/1384 
f 1349/472/1385 1352/477/1388 1339/478/1375 1335/473/1371 
f 1350/474/1386 1353/479/1389 1352/477/1388 1349/472/1385 
f 1351/475/1387 1354/480/1390 1353/479/1389 1350/474/1386 
f 1295/481/1331 1354/480/1390 1351/475/1387 1291/476/1327 
f 1324/440/1360 1355/482/1391 1340/459/1376 1326/442/1362 
f 1355/482/1391 1324/440/1360 1322/438/1358 1356/483/1392 
f 1320/436/1356 1357/484/1393 1356/483/1392 1322/438/1358 
f 1320/436/1356 1306/418/1342 1304/416/1340 1357/484/1393 
f 1355/482/1391 1358/485/1394 1343/462/1379 1340/459/1376 
f 1355/482/1391 1356/483/1392 1359/486/1395 1358/485/1394 
f 1360/487/1396 1359/486/1395 1356/483/1392 1357/484/1393 
f 1302/414/1338 1360/487/1396 1357/484/1393 1304/416/1340 
f 1343/462/1379 1358/485/1394 1361/488/1397 1344/464/1380 
f 1358/485/1394 1359/486/1395 1362/489/1398 1361/488/1397 
f 1362/489/1398 1359/486/1395 1360/487/1396 1363/490/1399 
f 1302/414/1338 1300/411/1336 1363/490/1399 1360/487/1396 
f 1344/464/1380 1361/488/1397 1275/386/1311 1278/389/1314 
f 1362/489/1398 1279/390/1315 1275/386/1311 1361/488/1397 
f 1363/490/1399 1281/392/1317 1279/390/1315 1362/489/1398 
f 1363/490/1399 1300/411/1336 1283/394/1319 1281/392/1317 
f 1364/491/1400 1354/492/1390 1295/407/1331 1296/406/1332 
f 1297/408/1333 1365/493/1401 1364/491/1400 1296/406/1332 
f 1298/409/1334 1366/494/1402 1365/493/1401 1297/408/1333 
f 1316/495/1352 1366/494/1402 1298/409/1334 1299/410/1335 
f 1364/491/1400 1367/497/1403 1353/496/1389 1354/492/1390 
f 1365/493/1401 1368/498/1404 1367/497/1403 1364/491/1400 
f 1369/499/1405 1368/498/1404 1365/493/1401 1366/494/1402 
f 1369/499/1405 1366/494/1402 1316/495/1352 1317/500/1353 
f 1367/497/1403 1370/502/1406 1352/501/1388 1353/496/1389 
f 1370/502/1406 1367/497/1403 1368/498/1404 1371/503/1407 
f 1368/498/1404 1369/499/1405 1372/504/1408 1371/503/1407 
f 1372/504/1408 1369/499/1405 1317/500/1353 1318/505/1354 
f 1352/501/1388 1370/502/1406 1338/506/1374 1339/507/1375 
f 1338/506/1374 1370/502/1406 1371/503/1407 1337/508/1373 
f 1372/504/1408 1336/509/1372 1337/508/1373 1371/503/1407 
f 1318/505/1354 1319/510/1355 1336/509/1372 1372/504/1408 
f 1373/386/1409 1374/387/1410 1375/388/1411 1376/389/1412 
f 1377/390/1413 1378/391/1414 1374/387/1410 1373/386/1409 
f 1377/390/1413 1379/392/1415 1380/393/1416 1378/391/1414 
f 1379/392/1415 1381/394/1417 1382/395/1418 1380/393/1416 
f 1383/396/1419 1375/388/1411 1374/387/1410 1384/397/1420 
f 1378/391/1414 1385/398/1421 1384/397/1420 1374/387/1410 
f 1380/393/1416 1386/399/1422 1385/398/1421 1378/391/1414 
f 1382/395/1418 1387/400/1423 1386/399/1422 1380/393/1416 
f 1383/396/1419 1384/397/1420 1388/402/1424 1389/401/1425 
f 1384/397/1420 1385/398/1421 1390/403/1426 1388/402/1424 
f 1386/399/1422 1391/404/1427 1390/403/1426 1385/398/1421 
f 1387/400/1423 1392/405/1428 1391/404/1427 1386/399/1422 
f 1393/406/1429 1394/407/1430 1389/401/1425 1388/402/1424 
f 1390/403/1426 1395/408/1431 1393/406/1429 1388/402/1424 
f 1395/408/1431 1390/403/1426 1391/404/1427 1396/409/1432 
f 1396/409/1432 1391/404/1427 1392/405/1428 1397/410/1433 
f 1398/411/1434 1399/412/1435 1382/413/1418 1381/394/1417 
f 1400/414/1436 1401/415/1437 1399/412/1435 1398/411/1434 
f 1400/414/1436 1402/416/1438 1403/417/1439 1401/415/1437 
f 1402/416/1438 1404/418/1440 1405/419/1441 1403/417/1439 
f 1387/420/1423 1382/413/1418 1399/412/1435 1406/421/1442 
f 1401/415/1437 1407/422/1443 1406/421/1442 1399/412/1435 
f 1403/417/1439 1408/423/1444 1407/422/1443 1401/415/1437 
f 1409/424/1445 1408/423/1444 1403/417/1439 1405/419/1441 
f 1387/420/1423 1406/421/1442 1410/426/1446 1392/425/1428 
f 1406/421/1442 1407/422/1443 1411/427/1447 1410/426/1446 
f 1408/423/1444 1412/428/1448 1411/427/1447 1407/422/1443 
f 1413/429/1449 1412/428/1448 1408/423/1444 1409/424/1445 
f 1410/426/1446 1414/430/1450 1397/431/1433 1392/425/1428 
f 1415/432/1451 1414/430/1450 1410/426/1446 1411/427/1447 
f 1416/433/1452 1415/432/1451 1411/427/1447 1412/428/1448 
f 1413/429/1449 1417/434/1453 1416/433/1452 1412/428/1448 
f 1418/436/1454 1419/437/1455 1405/435/1441 1404/418/1440 
f 1420/438/1456 1421/439/1457 1419/437/1455 1418/436/1454 
f 1420/438/1456 1422/440/1458 1423/441/1459 1421/439/1457 
f 1422/440/1458 1424/442/1460 1425/443/1461 1423/441/1459 
f 1419/437/1455 1426/445/1462 1409/444/1445 1405/435/1441 
f 1421/439/1457 1427/446/1463 1426/445/1462 1419/437/1455 
f 1421/439/1457 1423/441/1459 1428/447/1464 1427/446/1463 
f 1429/448/1465 1428/447/1464 1423/441/1459 1425/443/1461 
f 1426/445/1462 1430/449/1466 1413/450/1449 1409/444/1445 
f 1431/451/1467 1430/449/1466 1426/445/1462 1427/446/1463 
f 1431/451/1467 1427/446/1463 1428/447/1464 1432/452/1468 
f 1428/447/1464 1429/448/1465 1433/453/1469 1432/452/1468 
f 1417/454/1453 1413/450/1449 1430/449/1466 1434/455/1470 
f 1431/451/1467 1435/456/1471 1434/455/1470 1430/449/1466 
f 1435/456/1471 1431/451/1467 1432/452/1468 1436/457/1472 
f 1437/458/1473 1436/457/1472 1432/452/1468 1433/453/1469 
f 1425/461/1461 1424/442/1460 1438/459/1474 1439/460/1475 
f 1440/463/1476 1439/460/1475 1438/459/1474 1441/462/1477 
f 1441/462/1477 1442/464/1478 1443/465/1479 1440/463/1476 
f 1442/464/1478 1376/389/1412 1375/466/1411 1443/465/1479 
f 1425/461/1461 1439/460/1475 1444/467/1480 1429/468/1465 
f 1444/467/1480 1439/460/1475 1440/463/1476 1445/469/1481 
f 1446/470/1482 1445/469/1481 1440/463/1476 1443/465/1479 
f 1375/466/1411 1383/471/1419 1446/470/1482 1443/465/1479 
f 1429/468/1465 1444/467/1480 1447/472/1483 1433/473/1469 
f 1444/467/1480 1445/469/1481 1448/474/1484 1447/472/1483 
f 1448/474/1484 1445/469/1481 1446/470/1482 1449/475/1485 
f 1383/471/1419 1389/476/1425 1449/475/1485 1446/470/1482 
f 1450/477/1486 1437/478/1473 1433/473/1469 1447/472/1483 
f 1451/479/1487 1450/477/1486 1447/472/1483 1448/474/1484 
f 1448/474/1484 1449/475/1485 1452/480/1488 1451/479/1487 
f 1394/481/1430 1452/480/1488 1449/475/1485 1389/476/1425 
f 1422/440/1458 1453/482/1489 1438/459/1474 1424/442/1460 
f 1453/482/1489 1422/440/1458 1420/438/1456 1454/483/1490 
f 1418/436/1454 1455/484/1491 1454/483/1490 1420/438/1456 
f 1418/436/1454 1404/418/1440 1402/416/1438 1455/484/1491 
f 1453/482/1489 1456/485/1492 1441/462/1477 1438/459/1474 
f 1456/485/1492 1453/482/1489 1454/483/1490 1457/486/1493 
f 1458/487/1494 1457/486/1493 1454/483/1490 1455/484/1491 
f 1400/414/1436 1458/487/1494 1455/484/1491 1402/416/1438 
f 1441/462/1477 1456/485/1492 1459/488/1495 1442/464/1478 
f 1456/485/1492 1457/486/1493 1460/489/1496 1459/488/1495 
f 1460/489/1496 1457/486/1493 1458/487/1494 1461/490/1497 
f 1400/414/1436 1398/411/1434 1461/490/1497 1458/487/1494 
f 1442/464/1478 1459/488/1495 1373/386/1409 1376/389/1412 
f 1460/489/1496 1377/390/1413 1373/386/1409 1459/488/1495 
f 1461/490/1497 1379/392/1415 1377/390/1413 1460/489/1496 
f 1461/490/1497 1398/411/1434 1381/394/1417 1379/392/1415 
f 1393/406/1429 1462/491/1498 1452/492/1488 1394/407/1430 
f 1395/408/1431 1463/493/1499 1462/491/1498 1393/406/1429 
f 1396/409/1432 1464/494/1500 1463/493/1499 1395/408/1431 
f 1414/495/1450 1464/494/1500 1396/409/1432 1397/410/1433 
f 1462/491/1498 1465/497/1501 1451/496/1487 1452/492/1488 
f 1463/493/1499 1466/498/1502 1465/497/1501 1462/491/1498 
f 1467/499/1503 1466/498/1502 1463/493/1499 1464/494/1500 
f 1467/499/1503 1464/494/1500 1414/495/1450 1415/500/1451 
f 1465/497/1501 1468/502/1504 1450/501/1486 1451/496/1487 
f 1468/502/1504 1465/497/1501 1466/498/1502 1469/503/1505 
f 1466/498/1502 1467/499/1503 1470/504/1506 1469/503/1505 
f 1470/504/1506 1467/499/1503 1415/500/1451 1416/505/1452 
f 1450/501/1486 1468/502/1504 1436/506/1472 1437/507/1473 
f 1436/506/1472 1468/502/1504 1469/503/1505 1435/508/1471 
f 1470/504/1506 1434/509/1470 1435/508/1471 1469/503/1505 
f 1416/505/1452 1417/510/1453 1434/509/1470 1470/504/1506 
f 1471/386/1507 1472/387/1508 1473/388/1509 1474/389/1510 
f 1475/390/1511 1476/391/1512 1472/387/1508 1471/386/1507 
f 1475/390/1511 1477/392/1513 1478/393/1514 1476/391/1512 
f 1477/392/1513 1479/394/1515 1480/395/1516 1478/393/1514 
f 1481/396/1517 1473/388/1509 1472/387/1508 1482/397/1518 
f 1476/391/1512 1483/398/1519 1482/397/1518 1472/387/1508 
f 1478/393/1514 1484/399/1520 1483/398/1519 1476/391/1512 
f 1480/395/1516 1485/400/1521 1484/399/1520 1478/393/1514 
f 1481/396/1517 1482/397/1518 1486/402/1522 1487/401/1523 
f 1482/397/1518 1483/398/1519 1488/403/1524 1486/402/1522 
f 1484/399/1520 1489/404/1525 1488/403/1524 1483/398/1519 
f 1485/400/1521 1490/405/1526 1489/404/1525 1484/399/1520 
f 1491/406/1527 1492/407/1528 1487/401/1523 1486/402/1522 
f 1491/406/1527 1486/402/1522 1488/403/1524 1493/408/1529 
f 1493/408/1529 1488/403/1524 1489/404/1525 1494/409/1530 
f 1489/404/1525 1490/405/1526 1495/410/1531 1494/409/1530 
f 1496/411/1532 1497/412/1533 1480/413/1516 1479/394/1515 
f 1498/414/1534 1499/415/1535 1497/412/1533 1496/411/1532 
f 1498/414/1534 1500/416/1536 1501/417/1537 1499/415/1535 
f 1500/416/1536 1502/418/1538 1503/419/1539 1501/417/1537 
f 1485/420/1521 1480/413/1516 1497/412/1533 1504/421/1540 
f 1499/415/1535 1505/422/1541 1504/421/1540 1497/412/1533 
f 1501/417/1537 1506/423/1542 1505/422/1541 1499/415/1535 
f 1507/424/1543 1506/423/1542 1501/417/1537 1503/419/1539 
f 1485/420/1521 1504/421/1540 1508/426/1544 1490/425/1526 
f 1504/421/1540 1505/422/1541 1509/427/1545 1508/426/1544 
f 1506/423/1542 1510/428/1546 1509/427/1545 1505/422/1541 
f 1511/429/1547 1510/428/1546 1506/423/1542 1507/424/1543 
f 1512/430/1548 1495/431/1531 1490/425/1526 1508/426/1544 
f 1509/427/1545 1513/432/1549 1512/430/1548 1508/426/1544 
f 1510/428/1546 1514/433/1550 1513/432/1549 1509/427/1545 
f 1514/433/1550 1510/428/1546 1511/429/1547 1515/434/1551 
f 1516/436/1552 1517/437/1553 1503/435/1539 1502/418/1538 
f 1518/438/1554 1519/439/1555 1517/437/1553 1516/436/1552 
f 1518/438/1554 1520/440/1556 1521/441/1557 1519/439/1555 
f 1520/440/1556 1522/442/1558 1523/443/1559 1521/441/1557 
f 1517/437/1553 1524/445/1560 1507/444/1543 1503/435/1539 
f 1519/439/1555 1525/446/1561 1524/445/1560 1517/437/1553 
f 1519/439/1555 1521/441/1557 1526/447/1562 1525/446/1561 
f 1527/448/1563 1526/447/1562 1521/441/1557 1523/443/1559 
f 1524/445/1560 1528/449/1564 1511/450/1547 1507/444/1543 
f 1529/451/1565 1528/449/1564 1524/445/1560 1525/446/1561 
f 1529/451/1565 1525/446/1561 1526/447/1562 1530/452/1566 
f 1526/447/1562 1527/448/1563 1531/453/1567 1530/452/1566 
f 1528/449/1564 1532/455/1568 1515/454/1551 1511/450/1547 
f 1528/449/1564 1529/451/1565 1533/456/1569 1532/455/1568 
f 1529/451/1565 1530/452/1566 1534/457/1570 1533/456/1569 
f 1534/457/1570 1530/452/1566 1531/453/1567 1535/458/1571 
f 1523/461/1559 1522/442/1558 1536/459/1572 1537/460/1573 
f 1538/463/1574 1537/460/1573 1536/459/1572 1539/462/1575 
f 1539/462/1575 1540/464/1576 1541/465/1577 1538/463/1574 
f 1540/464/1576 1474/389/1510 1473/466/1509 1541/465/1577 
f 1523/461/1559 1537/460/1573 1542/467/1578 1527/468/1563 
f 1542/467/1578 1537/460/1573 1538/463/1574 1543/469/1579 
f 1544/470/1580 1543/469/1579 1538/463/1574 1541/465/1577 
f 1473/466/1509 1481/471/1517 1544/470/1580 1541/465/1577 
f 1527/468/1563 1542/467/1578 1545/472/1581 1531/473/1567 
f 1542/467/1578 1543/469/1579 1546/474/1582 1545/472/1581 
f 1546/474/1582 1543/469/1579 1544/470/1580 1547/475/1583 
f 1481/471/1517 1487/476/1523 1547/475/1583 1544/470/1580 
f 1531/473/1567 1545/472/1581 1548/477/1584 1535/478/1571 
f 1545/472/1581 1546/474/1582 1549/479/1585 1548/477/1584 
f 1547/475/1583 1550/480/1586 1549/479/1585 1546/474/1582 
f 1492/481/1528 1550/480/1586 1547/475/1583 1487/476/1523 
f 1520/440/1556 1551/482/1587 1536/459/1572 1522/442/1558 
f 1551/482/1587 1520/440/1556 1518/438/1554 1552/483/1588 
f 1516/436/1552 1553/484/1589 1552/483/1588 1518/438/1554 
f 1516/436/1552 1502/418/1538 1500/416/1536 1553/484/1589 
f 1551/482/1587 1554/485/1590 1539/462/1575 1536/459/1572 
f 1554/485/1590 1551/482/1587 1552/483/1588 1555/486/1591 
f 1556/487/1592 1555/486/1591 1552/483/1588 1553/484/1589 
f 1498/414/1534 1556/487/1592 1553/484/1589 1500/416/1536 
f 1539/462/1575 1554/485/1590 1557/488/1593 1540/464/1576 
f 1554/485/1590 1555/486/1591 1558/489/1594 1557/488/1593 
f 1558/489/1594 1555/486/1591 1556/487/1592 1559/490/1595 
f 1498/414/1534 1496/411/1532 1559/490/1595 1556/487/1592 
f 1540/464/1576 1557/488/1593 1471/386/1507 1474/389/1510 
f 1558/489/1594 1475/390/1511 1471/386/1507 1557/488/1593 
f 1559/490/1595 1477/392/1513 1475/390/1511 1558/489/1594 
f 1559/490/1595 1496/411/1532 1479/394/1515 1477/392/1513 
f 1491/406/1527 1560/491/1596 1550/492/1586 1492/407/1528 
f 1493/408/1529 1561/493/1597 1560/491/1596 1491/406/1527 
f 1494/409/1530 1562/494/1598 1561/493/1597 1493/408/1529 
f 1512/495/1548 1562/494/1598 1494/409/1530 1495/410/1531 
f 1560/491/1596 1563/497/1599 1549/496/1585 1550/492/1586 
f 1561/493/1597 1564/498/1600 1563/497/1599 1560/491/1596 
f 1565/499/1601 1564/498/1600 1561/493/1597 1562/494/1598 
f 1565/499/1601 1562/494/1598 1512/495/1548 1513/500/1549 
f 1563/497/1599 1566/502/1602 1548/501/1584 1549/496/1585 
f 1566/502/1602 1563/497/1599 1564/498/1600 1567/503/1603 
f 1564/498/1600 1565/499/1601 1568/504/1604 1567/503/1603 
f 1568/504/1604 1565/499/1601 1513/500/1549 1514/505/1550 
f 1548/501/1584 1566/502/1602 1534/506/1570 1535/507/1571 
f 1534/506/1570 1566/502/1602 1567/503/1603 1533/508/1569 
f 1568/504/1604 1532/509/1568 1533/508/1569 1567/503/1603 
f 1514/505/1550 1515/510/1551 1532/509/1568 1568/504/1604 
f 1569/386/1605 1570/387/1606 1571/388/1607 1572/389/1608 
f 1573/390/1609 1574/391/1610 1570/387/1606 1569/386/1605 
f 1573/390/1609 1575/392/1611 1576/393/1612 1574/391/1610 
f 1575/392/1611 1577/394/1613 1578/395/1614 1576/393/1612 
f 1579/396/1615 1571/388/1607 1570/387/1606 1580/397/1616 
f 1574/391/1610 1581/398/1617 1580/397/1616 1570/387/1606 
f 1576/393/1612 1582/399/1618 1581/398/1617 1574/391/1610 
f 1578/395/1614 1583/400/1619 1582/399/1618 1576/393/1612 
f 1579/396/1615 1580/397/1616 1584/402/1620 1585/401/1621 
f 1580/397/1616 1581/398/1617 1586/403/1622 1584/402/1620 
f 1582/399/1618 1587/404/1623 1586/403/1622 1581/398/1617 
f 1583/400/1619 1588/405/1624 1587/404/1623 1582/399/1618 
f 1589/406/1625 1590/407/1626 1585/401/1621 1584/402/1620 
f 1586/403/1622 1591/408/1627 1589/406/1625 1584/402/1620 
f 1587/404/1623 1592/409/1628 1591/408/1627 1586/403/1622 
f 1592/409/1628 1587/404/1623 1588/405/1624 1593/410/1629 
f 1594/411/1630 1595/412/1631 1578/413/1614 1577/394/1613 
f 1596/414/1632 1597/415/1633 1595/412/1631 1594/411/1630 
f 1596/414/1632 1598/416/1634 1599/417/1635 1597/415/1633 
f 1598/416/1634 1600/418/1636 1601/419/1637 1599/417/1635 
f 1583/420/1619 1578/413/1614 1595/412/1631 1602/421/1638 
f 1597/415/1633 1603/422/1639 1602/421/1638 1595/412/1631 
f 1599/417/1635 1604/423/1640 1603/422/1639 1597/415/1633 
f 1605/424/1641 1604/423/1640 1599/417/1635 1601/419/1637 
f 1583/420/1619 1602/421/1638 1606/426/1642 1588/425/1624 
f 1602/421/1638 1603/422/1639 1607/427/1643 1606/426/1642 
f 1604/423/1640 1608/428/1644 1607/427/1643 1603/422/1639 
f 1609/429/1645 1608/428/1644 1604/423/1640 1605/424/1641 
f 1606/426/1642 1610/430/1646 1593/431/1629 1588/425/1624 
f 1607/427/1643 1611/432/1647 1610/430/1646 1606/426/1642 
f 1612/433/1648 1611/432/1647 1607/427/1643 1608/428/1644 
f 1608/428/1644 1609/429/1645 1613/434/1649 1612/433/1648 
f 1614/436/1650 1615/437/1651 1601/435/1637 1600/418/1636 
f 1616/438/1652 1617/439/1653 1615/437/1651 1614/436/1650 
f 1616/438/1652 1618/440/1654 1619/441/1655 1617/439/1653 
f 1618/440/1654 1620/442/1656 1621/443/1657 1619/441/1655 
f 1615/437/1651 1622/445/1658 1605/444/1641 1601/435/1637 
f 1617/439/1653 1623/446/1659 1622/445/1658 1615/437/1651 
f 1617/439/1653 1619/441/1655 1624/447/1660 1623/446/1659 
f 1625/448/1661 1624/447/1660 1619/441/1655 1621/443/1657 
f 1622/445/1658 1626/449/1662 1609/450/1645 1605/444/1641 
f 1627/451/1663 1626/449/1662 1622/445/1658 1623/446/1659 
f 1627/451/1663 1623/446/1659 1624/447/1660 1628/452/1664 
f 1624/447/1660 1625/448/1661 1629/453/1665 1628/452/1664 
f 1613/454/1649 1609/450/1645 1626/449/1662 1630/455/1666 
f 1627/451/1663 1631/456/1667 1630/455/1666 1626/449/1662 
f 1628/452/1664 1632/457/1668 1631/456/1667 1627/451/1663 
f 1632/457/1668 1628/452/1664 1629/453/1665 1633/458/1669 
f 1621/461/1657 1620/442/1656 1634/459/1670 1635/460/1671 
f 1636/463/1672 1635/460/1671 1634/459/1670 1637/462/1673 
f 1637/462/1673 1638/464/1674 1639/465/1675 1636/463/1672 
f 1638/464/1674 1572/389/1608 1571/466/1607 1639/465/1675 
f 1621/461/1657 1635/460/1671 1640/467/1676 1625/468/1661 
f 1640/467/1676 1635/460/1671 1636/463/1672 1641/469/1677 
f 1642/470/1678 1641/469/1677 1636/463/1672 1639/465/1675 
f 1571/466/1607 1579/471/1615 1642/470/1678 1639/465/1675 
f 1625/468/1661 1640/467/1676 1643/472/1679 1629/473/1665 
f 1640/467/1676 1641/469/1677 1644/474/1680 1643/472/1679 
f 1644/474/1680 1641/469/1677 1642/470/1678 1645/475/1681 
f 1579/471/1615 1585/476/1621 1645/475/1681 1642/470/1678 
f 1643/472/1679 1646/477/1682 1633/478/1669 1629/473/1665 
f 1647/479/1683 1646/477/1682 1643/472/1679 1644/474/1680 
f 1644/474/1680 1645/475/1681 1648/480/1684 1647/479/1683 
f 1590/481/1626 1648/480/1684 1645/475/1681 1585/476/1621 
f 1618/440/1654 1649/482/1685 1634/459/1670 1620/442/1656 
f 1649/482/1685 1618/440/1654 1616/438/1652 1650/483/1686 
f 1614/436/1650 1651/484/1687 1650/483/1686 1616/438/1652 
f 1614/436/1650 1600/418/1636 1598/416/1634 1651/484/1687 
f 1649/482/1685 1652/485/1688 1637/462/1673 1634/459/1670 
f 1653/486/1689 1652/485/1688 1649/482/1685 1650/483/1686 
f 1654/487/1690 1653/486/1689 1650/483/1686 1651/484/1687 
f 1596/414/1632 1654/487/1690 1651/484/1687 1598/416/1634 
f 1637/462/1673 1652/485/1688 1655/488/1691 1638/464/1674 
f 1652/485/1688 1653/486/1689 1656/489/1692 1655/488/1691 
f 1656/489/1692 1653/486/1689 1654/487/1690 1657/490/1693 
f 1596/414/1632 1594/411/1630 1657/490/1693 1654/487/1690 
f 1638/464/1674 1655/488/1691 1569/386/1605 1572/389/1608 
f 1656/489/1692 1573/390/1609 1569/386/1605 1655/488/1691 
f 1657/490/1693 1575/392/1611 1573/390/1609 1656/489/1692 
f 1657/490/1693 1594/411/1630 1577/394/1613 1575/392/1611 
f 1589/406/1625 1658/491/1694 1648/492/1684 1590/407/1626 
f 1591/408/1627 1659/493/1695 1658/491/1694 1589/406/1625 
f 1592/409/1628 1660/494/1696 1659/493/1695 1591/408/1627 
f 1610/495/1646 1660/494/1696 1592/409/1628 1593/410/1629 
f 1658/491/1694 1661/497/1697 1647/496/1683 1648/492/1684 
f 1659/493/1695 1662/498/1698 1661/497/1697 1658/491/1694 
f 1663/499/1699 1662/498/1698 1659/493/1695 1660/494/1696 
f 1663/499/1699 1660/494/1696 1610/495/1646 1611/500/1647 
f 1661/497/1697 1664/502/1700 1646/501/1682 1647/496/1683 
f 1664/502/1700 1661/497/1697 1662/498/1698 1665/503/1701 
f 1662/498/1698 1663/499/1699 1666/504/1702 1665/503/1701 
f 1666/504/1702 1663/499/1699 1611/500/1647 1612/505/1648 
f 1646/501/1682 1664/502/1700 1632/506/1668 1633/507/1669 
f 1632/506/1668 1664/502/1700 1665/503/1701 1631/508/1667 
f 1666/504/1702 1630/509/1666 1631/508/1667 1665/503/1701 
f 1612/505/1648 1613/510/1649 1630/509/1666 1666/504/1702 
# 1344 polygons

#
# object Star_Star_001
#

v  -0.0074 1.4610 0.0489
v  0.1056 1.3069 0.0012
v  0.0841 1.4319 0.0012
v  -0.0062 1.4628 0.0489
v  -0.0056 1.4649 0.0489
v  0.0855 1.4362 0.0012
v  0.1763 1.5248 0.0012
v  -0.0057 1.4670 0.0489
v  -0.0065 1.4690 0.0489
v  0.1750 1.5288 0.0012
v  0.0495 1.5470 0.0012
v  -0.0078 1.4707 0.0489
v  -0.0096 1.4719 0.0489
v  0.0458 1.5497 0.0012
v  -0.0103 1.6634 0.0012
v  -0.0117 1.4724 0.0489
v  -0.0707 1.5497 0.0012
v  -0.0158 1.4716 0.0489
v  -0.0138 1.4724 0.0489
v  -0.0145 1.6634 0.0012
v  -0.0175 1.4703 0.0489
v  -0.0744 1.5470 0.0012
v  -0.1999 1.5288 0.0012
v  -0.0186 1.4685 0.0489
v  -0.1104 1.4362 0.0012
v  -0.0191 1.4643 0.0489
v  -0.0192 1.4664 0.0489
v  -0.2012 1.5248 0.0012
v  -0.1090 1.4319 0.0012
v  -0.1304 1.3069 0.0012
v  -0.0170 1.4606 0.0489
v  -0.0184 1.4623 0.0489
v  -0.0153 1.4594 0.0489
v  -0.1270 1.3044 0.0012
v  -0.0147 1.3634 0.0012
v  -0.0132 1.4589 0.0489
v  -0.0101 1.3634 -0.0012
v  -0.0101 1.3634 0.0012
v  -0.0147 1.3634 -0.0012
v  -0.0145 1.6634 -0.0012
v  -0.0103 1.6634 -0.0012
v  0.0495 1.5470 -0.0012
v  0.0458 1.5497 -0.0012
v  -0.1304 1.3069 -0.0012
v  -0.1270 1.3044 -0.0012
v  0.1021 1.3044 -0.0012
v  0.1056 1.3069 -0.0012
v  0.1021 1.3044 0.0012
v  -0.0707 1.5497 -0.0012
v  -0.0744 1.5470 -0.0012
v  0.0841 1.4319 -0.0012
v  0.0855 1.4362 -0.0012
v  -0.1999 1.5288 -0.0012
v  -0.2012 1.5248 -0.0012
v  0.1763 1.5248 -0.0012
v  0.1750 1.5288 -0.0012
v  -0.1104 1.4362 -0.0012
v  -0.1090 1.4319 -0.0012
v  -0.0090 1.4597 0.0489
v  -0.0111 1.4590 0.0489
v  -0.0133 1.4647 0.0502
v  -0.0135 1.4650 0.0502
v  -0.0129 1.4645 0.0502
v  -0.0126 1.4644 0.0502
v  -0.0122 1.4644 0.0502
v  -0.0118 1.4645 0.0502
v  -0.0115 1.4648 0.0502
v  -0.0113 1.4651 0.0502
v  -0.0112 1.4655 0.0502
v  -0.0112 1.4659 0.0502
v  -0.0113 1.4663 0.0502
v  -0.0116 1.4666 0.0502
v  -0.0119 1.4668 0.0502
v  -0.0123 1.4669 0.0502
v  -0.0127 1.4669 0.0502
v  -0.0130 1.4668 0.0502
v  -0.0134 1.4665 0.0502
v  -0.0136 1.4662 0.0502
v  -0.0137 1.4658 0.0502
v  -0.0137 1.4654 0.0502
v  -0.0124 1.4657 0.0502
v  -0.0074 1.4610 -0.0489
v  -0.0062 1.4628 -0.0489
v  -0.0056 1.4649 -0.0489
v  -0.0057 1.4670 -0.0489
v  -0.0065 1.4690 -0.0489
v  -0.0078 1.4707 -0.0489
v  -0.0117 1.4724 -0.0489
v  -0.0096 1.4719 -0.0489
v  -0.0138 1.4724 -0.0489
v  -0.0158 1.4716 -0.0489
v  -0.0175 1.4703 -0.0489
v  -0.0186 1.4685 -0.0489
v  -0.0191 1.4643 -0.0489
v  -0.0192 1.4664 -0.0489
v  -0.0184 1.4623 -0.0489
v  -0.0170 1.4606 -0.0489
v  -0.0153 1.4594 -0.0489
v  -0.0132 1.4589 -0.0489
v  -0.0111 1.4590 -0.0489
v  -0.0090 1.4597 -0.0489
v  -0.0135 1.4650 -0.0502
v  -0.0133 1.4647 -0.0502
v  -0.0129 1.4645 -0.0502
v  -0.0126 1.4644 -0.0502
v  -0.0122 1.4644 -0.0502
v  -0.0118 1.4645 -0.0502
v  -0.0115 1.4648 -0.0502
v  -0.0113 1.4651 -0.0502
v  -0.0112 1.4655 -0.0502
v  -0.0112 1.4659 -0.0502
v  -0.0113 1.4663 -0.0502
v  -0.0116 1.4666 -0.0502
v  -0.0119 1.4668 -0.0502
v  -0.0123 1.4669 -0.0502
v  -0.0127 1.4669 -0.0502
v  -0.0130 1.4668 -0.0502
v  -0.0134 1.4665 -0.0502
v  -0.0136 1.4662 -0.0502
v  -0.0137 1.4658 -0.0502
v  -0.0137 1.4654 -0.0502
v  -0.0124 1.4657 -0.0502
# 122 vertices

vn 0.2635 -0.0959 0.9599
vn 0.7825 -0.3369 0.5237
vn 0.8282 -0.0480 0.5584
vn 0.3483 -0.0562 0.9357
vn 0.3161 -0.1493 0.9369
vn 0.6997 -0.4442 0.5595
vn 0.8311 -0.1848 0.5245
vn 0.2657 -0.0597 0.9622
vn 0.1726 0.2210 0.9599
vn 0.5622 0.6401 0.5237
vn 0.3016 0.7728 0.5584
vn 0.1611 0.3139 0.9357
vn 0.2397 0.2545 0.9369
vn 0.6387 0.5282 0.5595
vn 0.4326 0.7333 0.5245
vn 0.1388 0.2342 0.9622
vn -0.6418 0.5256 0.5584
vn -0.2487 0.2502 0.9357
vn -0.1568 0.2325 0.9599
vn -0.4350 0.7324 0.5237
vn -0.1680 0.3066 0.9369
vn -0.3050 0.7707 0.5595
vn -0.5637 0.6380 0.5245
vn -0.1798 0.2044 0.9622
vn -0.6982 -0.4479 0.5584
vn -0.3148 -0.1593 0.9357
vn -0.2695 -0.0773 0.9599
vn -0.8310 -0.1874 0.5237
vn -0.8272 -0.0519 0.5595
vn -0.7810 -0.3390 0.5245
vn -0.2500 -0.1079 0.9622
vn -0.3435 -0.0650 0.9369
vn -0.0098 -0.2802 0.9599
vn -0.0786 -0.8483 0.5237
vn 0.2103 -0.8025 0.5584
vn 0.0542 -0.3486 0.9357
vn -0.2063 -0.8027 -0.5595
vn -0.2063 -0.8027 0.5595
vn 0.2103 -0.8025 -0.5584
vn -0.4350 0.7324 -0.5237
vn 0.4326 0.7333 -0.5245
vn 0.3016 0.7728 -0.5584
vn 0.6387 0.5282 -0.5595
vn -0.7810 -0.3390 -0.5245
vn -0.0786 -0.8483 -0.5237
vn 0.0810 -0.8476 -0.5245
vn 0.7825 -0.3369 -0.5237
vn 0.0810 -0.8476 0.5245
vn -0.6418 0.5256 -0.5584
vn -0.3050 0.7707 -0.5595
vn 0.8282 -0.0480 -0.5584
vn 0.6997 -0.4442 -0.5595
vn -0.5637 0.6380 -0.5245
vn -0.8310 -0.1874 -0.5237
vn 0.8311 -0.1848 -0.5245
vn 0.5622 0.6401 -0.5237
vn -0.6982 -0.4479 -0.5584
vn -0.8272 -0.0519 -0.5595
vn 0.0254 -0.2711 0.9622
vn -0.0443 -0.3468 0.9369
vn -0.0860 -0.0940 0.9918
vn -0.1108 -0.0628 0.9918
vn -0.0527 -0.1160 0.9919
vn -0.0143 -0.1266 0.9918
vn 0.0255 -0.1248 0.9919
vn 0.0628 -0.1108 0.9919
vn 0.0940 -0.0860 0.9919
vn 0.1160 -0.0528 0.9918
vn 0.1266 -0.0143 0.9918
vn 0.1248 0.0255 0.9919
vn 0.1108 0.0628 0.9919
vn 0.0860 0.0940 0.9919
vn 0.0527 0.1160 0.9919
vn 0.0143 0.1266 0.9918
vn -0.0255 0.1248 0.9919
vn -0.0628 0.1108 0.9919
vn -0.0940 0.0860 0.9919
vn -0.1160 0.0528 0.9919
vn -0.1266 0.0143 0.9919
vn -0.1248 -0.0255 0.9919
vn -0.0000 0.0000 1.0000
vn 0.2635 -0.0959 -0.9599
vn 0.3483 -0.0562 -0.9357
vn 0.3161 -0.1493 -0.9369
vn 0.2656 -0.0597 -0.9622
vn 0.1726 0.2210 -0.9599
vn 0.1611 0.3139 -0.9357
vn 0.1388 0.2342 -0.9622
vn 0.2397 0.2545 -0.9369
vn -0.1568 0.2325 -0.9599
vn -0.2487 0.2502 -0.9357
vn -0.1680 0.3066 -0.9369
vn -0.1798 0.2044 -0.9622
vn -0.3148 -0.1593 -0.9357
vn -0.2695 -0.0773 -0.9599
vn -0.3435 -0.0650 -0.9369
vn -0.2500 -0.1079 -0.9622
vn -0.0098 -0.2802 -0.9599
vn 0.0542 -0.3486 -0.9357
vn -0.0443 -0.3468 -0.9369
vn 0.0254 -0.2711 -0.9622
vn -0.1109 -0.0628 -0.9918
vn -0.0860 -0.0940 -0.9918
vn -0.0527 -0.1160 -0.9919
vn -0.0143 -0.1266 -0.9918
vn 0.0255 -0.1248 -0.9919
vn 0.0628 -0.1108 -0.9919
vn 0.0940 -0.0860 -0.9919
vn 0.1160 -0.0528 -0.9918
vn 0.1266 -0.0143 -0.9919
vn 0.1248 0.0255 -0.9919
vn 0.1108 0.0628 -0.9919
vn 0.0860 0.0940 -0.9919
vn 0.0527 0.1160 -0.9919
vn 0.0143 0.1266 -0.9918
vn -0.0255 0.1248 -0.9919
vn -0.0628 0.1108 -0.9919
vn -0.0940 0.0860 -0.9919
vn -0.1160 0.0527 -0.9919
vn -0.1266 0.0143 -0.9919
vn -0.1248 -0.0255 -0.9919
vn 0.0000 0.0000 -1.0000
# 122 vertex normals

vt 0.3413 0.3268 0.0000
vt 0.6000 0.5163 0.0000
vt 0.3942 0.4927 0.0000
vt 0.3384 0.3287 0.0000
vt 0.3350 0.3296 0.0000
vt 0.3871 0.4950 0.0000
vt 0.2345 0.6350 0.0000
vt 0.3315 0.3295 0.0000
vt 0.3283 0.3283 0.0000
vt 0.2280 0.6328 0.0000
vt 0.1868 0.4299 0.0000
vt 0.3256 0.3261 0.0000
vt 0.3237 0.3232 0.0000
vt 0.1824 0.4238 0.0000
vt 0.0023 0.3220 0.0000
vt 0.3227 0.3199 0.0000
vt 0.1825 0.2133 0.0000
vt 0.3241 0.3132 0.0000
vt 0.3228 0.3164 0.0000
vt 0.0023 0.3152 0.0000
vt 0.3262 0.3104 0.0000
vt 0.1869 0.2072 0.0000
vt 0.2280 0.0044 0.0000
vt 0.3291 0.3085 0.0000
vt 0.3871 0.1422 0.0000
vt 0.3359 0.3077 0.0000
vt 0.3324 0.3075 0.0000
vt 0.2345 0.0023 0.0000
vt 0.3943 0.1445 0.0000
vt 0.6000 0.1209 0.0000
vt 0.3419 0.3110 0.0000
vt 0.3392 0.3089 0.0000
vt 0.3439 0.3139 0.0000
vt 0.6040 0.1265 0.0000
vt 0.5181 0.3149 0.0000
vt 0.3448 0.3173 0.0000
vt 0.0764 0.0435 0.0000
vt 0.0802 0.0435 0.0000
vt 0.0802 0.0510 0.0000
vt 0.0764 0.0510 0.0000
vt 0.0838 0.0837 0.0000
vt 0.0838 0.0875 0.0000
vt 0.0769 0.0875 0.0000
vt 0.0769 0.0837 0.0000
vt 0.0764 0.0308 0.0000
vt 0.0802 0.0308 0.0000
vt 0.0802 0.0383 0.0000
vt 0.0764 0.0383 0.0000
vt 0.0764 0.0638 0.0000
vt 0.0764 0.0569 0.0000
vt 0.0802 0.0569 0.0000
vt 0.0802 0.0638 0.0000
vt 0.0911 0.0022 0.0000
vt 0.0911 0.0091 0.0000
vt 0.0873 0.0091 0.0000
vt 0.0873 0.0022 0.0000
vt 0.0802 0.0016 0.0000
vt 0.0802 0.0091 0.0000
vt 0.0764 0.0091 0.0000
vt 0.0764 0.0016 0.0000
vt 0.0783 0.0727 0.0000
vt 0.0783 0.0802 0.0000
vt 0.0746 0.0802 0.0000
vt 0.0746 0.0727 0.0000
vt 0.0837 0.0200 0.0000
vt 0.0837 0.0131 0.0000
vt 0.0875 0.0131 0.0000
vt 0.0875 0.0200 0.0000
vt 0.0837 0.0696 0.0000
vt 0.0875 0.0696 0.0000
vt 0.0875 0.0765 0.0000
vt 0.0837 0.0765 0.0000
vt 0.0802 0.0237 0.0000
vt 0.0764 0.0237 0.0000
vt 0.0764 0.0162 0.0000
vt 0.0802 0.0162 0.0000
vt 0.0273 0.0030 0.0000
vt 0.0273 0.2095 0.0000
vt 0.0235 0.2095 0.0000
vt 0.0235 0.0030 0.0000
vt 0.0308 0.0030 0.0000
vt 0.0346 0.0030 0.0000
vt 0.0346 0.2095 0.0000
vt 0.0308 0.2095 0.0000
vt 0.0638 0.2113 0.0000
vt 0.0600 0.2113 0.0000
vt 0.0600 0.0048 0.0000
vt 0.0638 0.0048 0.0000
vt 0.0017 0.2095 0.0000
vt 0.0017 0.0030 0.0000
vt 0.0055 0.0030 0.0000
vt 0.0055 0.2095 0.0000
vt 0.0673 0.0048 0.0000
vt 0.0711 0.0048 0.0000
vt 0.0711 0.2113 0.0000
vt 0.0673 0.2113 0.0000
vt 0.0492 0.2095 0.0000
vt 0.0454 0.2095 0.0000
vt 0.0454 0.0030 0.0000
vt 0.0492 0.0030 0.0000
vt 0.0090 0.0030 0.0000
vt 0.0128 0.0030 0.0000
vt 0.0128 0.2095 0.0000
vt 0.0090 0.2095 0.0000
vt 0.0200 0.2095 0.0000
vt 0.0163 0.2095 0.0000
vt 0.0163 0.0030 0.0000
vt 0.0200 0.0030 0.0000
vt 0.5181 0.3224 0.0000
vt 0.6040 0.5107 0.0000
vt 0.3435 0.3241 0.0000
vt 0.3446 0.3208 0.0000
vt 0.0527 0.2095 0.0000
vt 0.0527 0.0030 0.0000
vt 0.0565 0.0030 0.0000
vt 0.0565 0.2095 0.0000
vt 0.3352 0.3172 0.0000
vt 0.3347 0.3168 0.0000
vt 0.3356 0.3178 0.0000
vt 0.3357 0.3184 0.0000
vt 0.3357 0.3190 0.0000
vt 0.3355 0.3196 0.0000
vt 0.3351 0.3201 0.0000
vt 0.3346 0.3204 0.0000
vt 0.3340 0.3206 0.0000
vt 0.3333 0.3206 0.0000
vt 0.3327 0.3204 0.0000
vt 0.3323 0.3200 0.0000
vt 0.3319 0.3194 0.0000
vt 0.3317 0.3188 0.0000
vt 0.3318 0.3182 0.0000
vt 0.3320 0.3176 0.0000
vt 0.3324 0.3171 0.0000
vt 0.3329 0.3168 0.0000
vt 0.3335 0.3166 0.0000
vt 0.3341 0.3166 0.0000
vt 0.3337 0.3186 0.0000
vt 0.6775 0.7383 0.0000
vt 0.6809 0.7392 0.0000
vt 0.6784 0.9125 0.0000
vt 0.4900 0.9984 0.0000
vt 0.8742 0.9984 0.0000
vt 0.6859 0.9125 0.0000
vt 0.6843 0.7391 0.0000
vt 0.6876 0.7379 0.0000
vt 0.6903 0.7358 0.0000
vt 0.6922 0.7328 0.0000
vt 0.8562 0.7886 0.0000
vt 0.8798 0.9944 0.0000
vt 0.6931 0.7260 0.0000
vt 0.9984 0.6290 0.0000
vt 0.8586 0.7815 0.0000
vt 0.6932 0.7295 0.0000
vt 0.9963 0.6225 0.0000
vt 0.6919 0.7227 0.0000
vt 0.6897 0.7200 0.0000
vt 0.7935 0.5813 0.0000
vt 0.7874 0.5769 0.0000
vt 0.6868 0.7181 0.0000
vt 0.6834 0.7171 0.0000
vt 0.6856 0.3967 0.0000
vt 0.6767 0.7185 0.0000
vt 0.5769 0.5769 0.0000
vt 0.6788 0.3967 0.0000
vt 0.6799 0.7173 0.0000
vt 0.3679 0.6224 0.0000
vt 0.5708 0.5813 0.0000
vt 0.6740 0.7207 0.0000
vt 0.6720 0.7235 0.0000
vt 0.5057 0.7816 0.0000
vt 0.3658 0.6290 0.0000
vt 0.6711 0.7269 0.0000
vt 0.6713 0.7304 0.0000
vt 0.5080 0.7887 0.0000
vt 0.6725 0.7336 0.0000
vt 0.6746 0.7364 0.0000
vt 0.4844 0.9944 0.0000
vt 0.6807 0.7268 0.0000
vt 0.6803 0.7273 0.0000
vt 0.6801 0.7280 0.0000
vt 0.6802 0.7286 0.0000
vt 0.6804 0.7292 0.0000
vt 0.6808 0.7297 0.0000
vt 0.6813 0.7300 0.0000
vt 0.6819 0.7302 0.0000
vt 0.6825 0.7302 0.0000
vt 0.6831 0.7300 0.0000
vt 0.6836 0.7296 0.0000
vt 0.6840 0.7290 0.0000
vt 0.6841 0.7284 0.0000
vt 0.6841 0.7278 0.0000
vt 0.6839 0.7272 0.0000
vt 0.6835 0.7267 0.0000
vt 0.6830 0.7264 0.0000
vt 0.6824 0.7262 0.0000
vt 0.6817 0.7262 0.0000
vt 0.6812 0.7264 0.0000
vt 0.6821 0.7282 0.0000
vt 0.0381 0.0030 0.0000
vt 0.0419 0.0030 0.0000
vt 0.0419 0.2095 0.0000
vt 0.0381 0.2095 0.0000
# 202 texture coords

o Star_Star_001
g Star_Star_001
usemtl Chrismas_Tree_Stylized_star
s 1
f 1667/511/1703 1668/512/1704 1669/513/1705 1670/514/1706 
f 1671/515/1707 1672/516/1708 1673/517/1709 1674/518/1710 
f 1675/519/1711 1676/520/1712 1677/521/1713 1678/522/1714 
f 1679/523/1715 1680/524/1716 1681/525/1717 1682/526/1718 
f 1683/527/1719 1684/528/1720 1685/529/1721 1686/530/1722 
f 1687/531/1723 1688/532/1724 1689/533/1725 1690/534/1726 
f 1691/535/1727 1692/536/1728 1693/537/1729 1694/538/1730 
f 1695/539/1731 1696/540/1732 1697/541/1733 1698/542/1734 
f 1699/543/1735 1700/544/1736 1701/545/1737 1702/546/1738 
f 1703/547/1739 1704/548/1740 1701/549/1737 1705/550/1741 
f 1706/551/1742 1686/552/1722 1681/553/1717 1707/554/1743 
f 1677/555/1713 1708/556/1744 1709/557/1745 1680/558/1716 
f 1710/559/1746 1711/560/1747 1700/561/1736 1696/562/1732 
f 1712/563/1748 1713/564/1749 1668/565/1704 1714/566/1750 
f 1715/567/1751 1716/568/1752 1688/569/1724 1683/570/1719 
f 1717/571/1753 1718/572/1754 1672/573/1708 1669/574/1705 
f 1719/575/1755 1720/576/1756 1694/577/1730 1689/578/1725 
f 1673/579/1709 1721/580/1757 1722/581/1758 1676/582/1712 
f 1691/583/1727 1723/584/1759 1724/585/1760 1695/586/1731 
f 1696/587/1732 1695/588/1731 1724/589/1760 1710/590/1746 
f 1694/591/1730 1720/592/1756 1723/593/1759 1691/594/1727 
f 1719/595/1755 1689/596/1725 1688/597/1724 1716/598/1752 
f 1706/599/1742 1715/600/1751 1683/601/1719 1686/602/1722 
f 1680/603/1716 1709/604/1745 1707/605/1743 1681/606/1717 
f 1708/607/1744 1677/608/1713 1676/609/1712 1722/610/1758 
f 1672/611/1708 1718/612/1754 1721/613/1757 1673/614/1709 
f 1717/615/1753 1669/616/1705 1668/617/1704 1713/618/1749 
f 1704/619/1740 1714/620/1750 1725/621/1761 1726/622/1762 
f 1668/512/1704 1667/511/1703 1725/621/1761 1714/620/1750 
f 1704/619/1740 1726/622/1762 1702/546/1738 1701/545/1737 
f 1686/530/1722 1685/529/1721 1682/526/1718 1681/525/1717 
f 1703/623/1739 1712/624/1748 1714/625/1750 1704/626/1740 
f 1670/514/1706 1669/513/1705 1672/516/1708 1671/515/1707 
f 1676/520/1712 1675/519/1711 1674/518/1710 1673/517/1709 
f 1680/524/1716 1679/523/1715 1678/522/1714 1677/521/1713 
f 1688/532/1724 1687/531/1723 1684/528/1720 1683/527/1719 
f 1697/541/1733 1696/540/1732 1700/544/1736 1699/543/1735 
f 1689/533/1725 1694/538/1730 1693/537/1729 1690/534/1726 
f 1692/536/1728 1691/535/1727 1695/539/1731 1698/542/1734 
f 1727/627/1763 1728/628/1764 1698/542/1734 1697/541/1733 
f 1699/543/1735 1729/629/1765 1727/627/1763 1697/541/1733 
f 1729/629/1765 1699/543/1735 1702/546/1738 1730/630/1766 
f 1731/631/1767 1730/630/1766 1702/546/1738 1726/622/1762 
f 1725/621/1761 1732/632/1768 1731/631/1767 1726/622/1762 
f 1732/632/1768 1725/621/1761 1667/511/1703 1733/633/1769 
f 1733/633/1769 1667/511/1703 1670/514/1706 1734/634/1770 
f 1671/515/1707 1735/635/1771 1734/634/1770 1670/514/1706 
f 1671/515/1707 1674/518/1710 1736/636/1772 1735/635/1771 
f 1736/636/1772 1674/518/1710 1675/519/1711 1737/637/1773 
f 1738/638/1774 1737/637/1773 1675/519/1711 1678/522/1714 
f 1678/522/1714 1679/523/1715 1739/639/1775 1738/638/1774 
f 1739/639/1775 1679/523/1715 1682/526/1718 1740/640/1776 
f 1685/529/1721 1741/641/1777 1740/640/1776 1682/526/1718 
f 1741/641/1777 1685/529/1721 1684/528/1720 1742/642/1778 
f 1743/643/1779 1742/642/1778 1684/528/1720 1687/531/1723 
f 1690/534/1726 1744/644/1780 1743/643/1779 1687/531/1723 
f 1744/644/1780 1690/534/1726 1693/537/1729 1745/645/1781 
f 1746/646/1782 1745/645/1781 1693/537/1729 1692/536/1728 
f 1728/628/1764 1746/646/1782 1692/536/1728 1698/542/1734 
f 1747/647/1783 1727/627/1763 1729/629/1765 1730/630/1766 
f 1747/647/1783 1730/630/1766 1731/631/1767 1732/632/1768 
f 1733/633/1769 1734/634/1770 1747/647/1783 1732/632/1768 
f 1747/647/1783 1734/634/1770 1735/635/1771 1736/636/1772 
f 1740/640/1776 1747/647/1783 1738/638/1774 1739/639/1775 
f 1747/647/1783 1746/646/1782 1728/628/1764 1727/627/1763 
f 1747/647/1783 1740/640/1776 1741/641/1777 1742/642/1778 
f 1747/647/1783 1742/642/1778 1743/643/1779 1744/644/1780 
f 1747/647/1783 1744/644/1780 1745/645/1781 1746/646/1782 
f 1738/638/1774 1747/647/1783 1736/636/1772 1737/637/1773 
f 1748/648/1784 1749/649/1785 1717/650/1753 1713/651/1749 
f 1721/652/1757 1718/653/1754 1750/654/1786 1751/655/1787 
f 1752/656/1788 1753/657/1789 1708/658/1744 1722/659/1758 
f 1754/660/1790 1707/661/1743 1709/662/1745 1755/663/1791 
f 1706/664/1742 1756/665/1792 1757/666/1793 1715/667/1751 
f 1716/668/1752 1758/669/1794 1759/670/1795 1719/671/1755 
f 1760/672/1796 1723/673/1759 1720/674/1756 1761/675/1797 
f 1710/676/1746 1724/677/1760 1762/678/1798 1763/679/1799 
f 1705/680/1741 1711/681/1747 1764/682/1800 1765/683/1801 
f 1703/684/1739 1766/685/1802 1767/686/1803 1712/687/1748 
f 1712/687/1748 1767/686/1803 1748/648/1784 1713/651/1749 
f 1705/680/1741 1765/683/1801 1766/685/1802 1703/684/1739 
f 1707/661/1743 1754/660/1790 1756/665/1792 1706/664/1742 
f 1749/649/1785 1750/654/1786 1718/653/1754 1717/650/1753 
f 1721/652/1757 1751/655/1787 1752/656/1788 1722/659/1758 
f 1753/657/1789 1755/663/1791 1709/662/1745 1708/658/1744 
f 1758/669/1794 1716/668/1752 1715/667/1751 1757/666/1793 
f 1711/681/1747 1710/676/1746 1763/679/1799 1764/682/1800 
f 1759/670/1795 1761/675/1797 1720/674/1756 1719/671/1755 
f 1724/677/1760 1723/673/1759 1760/672/1796 1762/678/1798 
f 1762/678/1798 1768/688/1804 1769/689/1805 1763/679/1799 
f 1763/679/1799 1769/689/1805 1770/690/1806 1764/682/1800 
f 1764/682/1800 1770/690/1806 1771/691/1807 1765/683/1801 
f 1765/683/1801 1771/691/1807 1772/692/1808 1766/685/1802 
f 1773/693/1809 1767/686/1803 1766/685/1802 1772/692/1808 
f 1767/686/1803 1773/693/1809 1774/694/1810 1748/648/1784 
f 1749/649/1785 1748/648/1784 1774/694/1810 1775/695/1811 
f 1776/696/1812 1750/654/1786 1749/649/1785 1775/695/1811 
f 1777/697/1813 1751/655/1787 1750/654/1786 1776/696/1812 
f 1751/655/1787 1777/697/1813 1778/698/1814 1752/656/1788 
f 1779/699/1815 1753/657/1789 1752/656/1788 1778/698/1814 
f 1780/700/1816 1755/663/1791 1753/657/1789 1779/699/1815 
f 1755/663/1791 1780/700/1816 1781/701/1817 1754/660/1790 
f 1782/702/1818 1756/665/1792 1754/660/1790 1781/701/1817 
f 1783/703/1819 1757/666/1793 1756/665/1792 1782/702/1818 
f 1757/666/1793 1783/703/1819 1784/704/1820 1758/669/1794 
f 1785/705/1821 1759/670/1795 1758/669/1794 1784/704/1820 
f 1786/706/1822 1761/675/1797 1759/670/1795 1785/705/1821 
f 1761/675/1797 1786/706/1822 1787/707/1823 1760/672/1796 
f 1787/707/1823 1768/688/1804 1762/678/1798 1760/672/1796 
f 1788/708/1824 1771/691/1807 1770/690/1806 1769/689/1805 
f 1772/692/1808 1771/691/1807 1788/708/1824 1773/693/1809 
f 1788/708/1824 1775/695/1811 1774/694/1810 1773/693/1809 
f 1788/708/1824 1777/697/1813 1776/696/1812 1775/695/1811 
f 1788/708/1824 1781/701/1817 1780/700/1816 1779/699/1815 
f 1768/688/1804 1787/707/1823 1788/708/1824 1769/689/1805 
f 1788/708/1824 1783/703/1819 1782/702/1818 1781/701/1817 
f 1784/704/1820 1783/703/1819 1788/708/1824 1785/705/1821 
f 1786/706/1822 1785/705/1821 1788/708/1824 1787/707/1823 
f 1778/698/1814 1777/697/1813 1788/708/1824 1779/699/1815 
f 1705/709/1741 1701/710/1737 1700/711/1736 1711/712/1747 
# 120 polygons

#
# object Log
#

v  -0.0000 0.0258 -0.1945
v  -0.0000 0.3420 -0.1099
v  0.0549 0.3420 -0.0951
v  0.0972 0.0258 -0.1684
v  0.1480 -0.0000 -0.0855
v  0.1709 -0.0000 0.0000
v  0.1480 -0.0000 0.0855
v  -0.0000 -0.0000 0.0000
v  0.1945 0.0258 0.0000
v  0.1099 0.3420 0.0000
v  0.0951 0.3420 0.0549
v  0.1684 0.0258 0.0972
v  -0.0000 0.0258 0.1945
v  -0.0000 0.3420 0.1099
v  -0.0549 0.3420 0.0951
v  -0.0972 0.0258 0.1684
v  -0.1684 0.0258 -0.0972
v  -0.0951 0.3420 -0.0549
v  -0.0549 0.3420 -0.0951
v  -0.0972 0.0258 -0.1684
v  -0.1945 0.0258 0.0000
v  -0.1099 0.3420 0.0000
v  0.1684 0.0258 -0.0972
v  0.0951 0.3420 -0.0549
v  0.0972 0.0258 0.1684
v  0.0549 0.3420 0.0951
v  -0.1684 0.0258 0.0972
v  -0.0951 0.3420 0.0549
v  -0.0000 0.3678 0.0725
v  0.0363 0.3678 0.0628
v  0.0628 0.3678 0.0363
v  -0.0000 0.3678 0.0000
v  -0.0000 0.0076 -0.1904
v  -0.0952 0.0076 -0.1649
v  -0.0000 -0.0000 -0.1709
v  -0.0855 -0.0000 -0.1480
v  -0.1649 0.0076 -0.0952
v  -0.1480 -0.0000 -0.0855
v  -0.1904 0.0076 0.0000
v  -0.1709 -0.0000 0.0000
v  -0.1649 0.0076 0.0952
v  -0.1480 -0.0000 0.0855
v  -0.0952 0.0076 0.1649
v  -0.0855 -0.0000 0.1480
v  -0.0000 0.0076 0.1904
v  -0.0000 -0.0000 0.1709
v  0.0952 0.0076 0.1649
v  0.0855 -0.0000 0.1480
v  0.1649 0.0076 0.0952
v  0.1904 0.0076 0.0000
v  0.1649 0.0076 -0.0952
v  0.0952 0.0076 -0.1649
v  0.0855 -0.0000 -0.1480
v  -0.0000 0.3678 -0.0725
v  -0.0000 0.3602 -0.0961
v  -0.0480 0.3602 -0.0832
v  -0.0363 0.3678 -0.0628
v  -0.0832 0.3602 -0.0480
v  -0.0628 0.3678 -0.0363
v  -0.0961 0.3602 0.0000
v  -0.0725 0.3678 0.0000
v  -0.0832 0.3602 0.0480
v  -0.0628 0.3678 0.0363
v  -0.0480 0.3602 0.0832
v  -0.0363 0.3678 0.0628
v  -0.0000 0.3602 0.0961
v  0.0480 0.3602 0.0832
v  0.0832 0.3602 0.0480
v  0.0961 0.3602 0.0000
v  0.0725 0.3678 0.0000
v  0.0832 0.3602 -0.0480
v  0.0628 0.3678 -0.0363
v  0.0480 0.3602 -0.0832
v  0.0363 0.3678 -0.0628
# 74 vertices

vn 0.0000 0.0209 -0.9998
vn -0.0000 0.4270 -0.9042
vn 0.4521 0.4270 -0.7831
vn 0.4999 0.0209 -0.8658
vn 0.1843 -0.9771 -0.1064
vn 0.2129 -0.9771 0.0000
vn 0.1843 -0.9771 0.1064
vn 0.0000 -1.0000 0.0000
vn 0.9998 0.0209 0.0000
vn 0.9042 0.4270 -0.0000
vn 0.7831 0.4270 0.4521
vn 0.8658 0.0209 0.4999
vn -0.0000 0.0209 0.9998
vn -0.0000 0.4270 0.9042
vn -0.4521 0.4270 0.7831
vn -0.4999 0.0209 0.8658
vn -0.8658 0.0209 -0.4999
vn -0.7831 0.4270 -0.4521
vn -0.4521 0.4270 -0.7831
vn -0.4999 0.0209 -0.8658
vn -0.9998 0.0209 0.0000
vn -0.9042 0.4270 -0.0000
vn 0.8658 0.0209 -0.4999
vn 0.7831 0.4270 -0.4521
vn 0.4999 0.0209 0.8658
vn 0.4521 0.4270 0.7831
vn -0.8658 0.0209 0.4999
vn -0.7831 0.4270 0.4521
vn 0.0000 0.9838 0.1795
vn 0.0897 0.9838 0.1554
vn 0.1554 0.9838 0.0897
vn 0.0000 1.0000 0.0000
vn 0.0000 -0.2163 -0.9763
vn -0.4882 -0.2163 -0.8455
vn -0.0000 -0.9326 -0.3610
vn -0.0000 -0.9771 -0.2129
vn -0.1064 -0.9771 -0.1843
vn -0.1805 -0.9326 -0.3127
vn -0.8455 -0.2163 -0.4882
vn -0.1843 -0.9771 -0.1064
vn -0.3127 -0.9326 -0.1805
vn -0.9763 -0.2163 0.0000
vn -0.2129 -0.9771 0.0000
vn -0.3610 -0.9326 0.0000
vn -0.8455 -0.2163 0.4882
vn -0.1843 -0.9771 0.1064
vn -0.3127 -0.9326 0.1805
vn -0.4882 -0.2163 0.8455
vn -0.1064 -0.9771 0.1843
vn -0.1805 -0.9326 0.3127
vn -0.0000 -0.2163 0.9763
vn -0.0000 -0.9771 0.2129
vn -0.0000 -0.9326 0.3610
vn 0.4882 -0.2163 0.8455
vn 0.1064 -0.9771 0.1843
vn 0.1805 -0.9326 0.3127
vn 0.8455 -0.2163 0.4882
vn 0.3127 -0.9326 0.1805
vn 0.9763 -0.2163 0.0000
vn 0.3610 -0.9326 0.0000
vn 0.8455 -0.2163 -0.4882
vn 0.3127 -0.9326 -0.1805
vn 0.4882 -0.2163 -0.8455
vn 0.1064 -0.9771 -0.1843
vn 0.1805 -0.9326 -0.3127
vn 0.0000 0.9838 -0.1795
vn 0.0000 0.9522 -0.3054
vn -0.1527 0.9522 -0.2645
vn -0.0897 0.9838 -0.1554
vn -0.0000 0.6033 -0.7975
vn -0.3987 0.6033 -0.6906
vn -0.2645 0.9522 -0.1527
vn -0.1554 0.9838 -0.0897
vn -0.6906 0.6033 -0.3987
vn -0.3054 0.9522 0.0000
vn -0.1795 0.9838 0.0000
vn -0.7975 0.6033 -0.0000
vn -0.2645 0.9522 0.1527
vn -0.1554 0.9838 0.0897
vn -0.6906 0.6033 0.3987
vn -0.1527 0.9522 0.2645
vn -0.0897 0.9838 0.1554
vn -0.3987 0.6033 0.6906
vn -0.0000 0.9522 0.3054
vn -0.0000 0.6033 0.7975
vn 0.1527 0.9522 0.2645
vn 0.3987 0.6033 0.6906
vn 0.2645 0.9522 0.1527
vn 0.6906 0.6033 0.3987
vn 0.3054 0.9522 0.0000
vn 0.1795 0.9838 0.0000
vn 0.7975 0.6033 -0.0000
vn 0.2645 0.9522 -0.1527
vn 0.1554 0.9838 -0.0897
vn 0.6906 0.6033 -0.3987
vn 0.1527 0.9522 -0.2645
vn 0.0897 0.9838 -0.1554
vn 0.3987 0.6033 -0.6906
# 98 vertex normals

vt 0.0291 0.5911 0.0000
vt 0.1499 0.5460 0.0000
vt 0.1585 0.5652 0.0000
vt 0.0436 0.6247 0.0000
vt 0.4019 0.1365 0.0000
vt 0.3860 0.1089 0.0000
vt 0.3860 0.0770 0.0000
vt 0.4455 0.0930 0.0000
vt 0.0886 0.2838 0.0000
vt 0.1854 0.3742 0.0000
vt 0.1712 0.3891 0.0000
vt 0.0672 0.3149 0.0000
vt 0.0332 0.3783 0.0000
vt 0.1511 0.4244 0.0000
vt 0.1446 0.4439 0.0000
vt 0.0220 0.4124 0.0000
vt 0.0131 0.5200 0.0000
vt 0.1402 0.5055 0.0000
vt 0.1437 0.5260 0.0000
vt 0.0191 0.5563 0.0000
vt 0.0116 0.4833 0.0000
vt 0.1391 0.4847 0.0000
vt 0.0613 0.6569 0.0000
vt 0.1698 0.5833 0.0000
vt 0.1845 0.5999 0.0000
vt 0.0812 0.6881 0.0000
vt 0.0484 0.3460 0.0000
vt 0.1599 0.4060 0.0000
vt 0.0146 0.4476 0.0000
vt 0.1406 0.4641 0.0000
vt 0.2531 0.4957 0.0000
vt 0.2463 0.4840 0.0000
vt 0.2464 0.4704 0.0000
vt 0.2716 0.4772 0.0000
vt 0.0220 0.5936 0.0000
vt 0.0115 0.5581 0.0000
vt 0.4633 0.1601 0.0000
vt 0.4614 0.1527 0.0000
vt 0.4890 0.1368 0.0000
vt 0.4945 0.1423 0.0000
vt 0.0051 0.5208 0.0000
vt 0.5051 0.1091 0.0000
vt 0.5126 0.1111 0.0000
vt 0.0039 0.4831 0.0000
vt 0.5052 0.0771 0.0000
vt 0.5127 0.0751 0.0000
vt 0.0071 0.4465 0.0000
vt 0.4892 0.0494 0.0000
vt 0.4947 0.0439 0.0000
vt 0.0144 0.4103 0.0000
vt 0.4615 0.0334 0.0000
vt 0.4635 0.0259 0.0000
vt 0.0263 0.3755 0.0000
vt 0.4296 0.0334 0.0000
vt 0.4276 0.0259 0.0000
vt 0.0416 0.3425 0.0000
vt 0.4020 0.0494 0.0000
vt 0.3965 0.0439 0.0000
vt 0.0606 0.3106 0.0000
vt 0.3785 0.0750 0.0000
vt 0.0819 0.2797 0.0000
vt 0.3785 0.1109 0.0000
vt 0.0745 0.6919 0.0000
vt 0.0547 0.6609 0.0000
vt 0.3964 0.1420 0.0000
vt 0.0364 0.6281 0.0000
vt 0.4295 0.1525 0.0000
vt 0.4274 0.1600 0.0000
vt 0.2900 0.4588 0.0000
vt 0.2964 0.4523 0.0000
vt 0.3056 0.4681 0.0000
vt 0.2968 0.4705 0.0000
vt 0.1587 0.5427 0.0000
vt 0.1529 0.5238 0.0000
vt 0.3056 0.4863 0.0000
vt 0.2967 0.4840 0.0000
vt 0.1495 0.5045 0.0000
vt 0.2964 0.5021 0.0000
vt 0.2900 0.4957 0.0000
vt 0.1485 0.4849 0.0000
vt 0.2807 0.5112 0.0000
vt 0.2783 0.5024 0.0000
vt 0.1498 0.4654 0.0000
vt 0.2625 0.5112 0.0000
vt 0.2648 0.5024 0.0000
vt 0.1536 0.4462 0.0000
vt 0.2467 0.5021 0.0000
vt 0.1596 0.4278 0.0000
vt 0.2375 0.4864 0.0000
vt 0.1678 0.4105 0.0000
vt 0.2375 0.4681 0.0000
vt 0.1782 0.3947 0.0000
vt 0.2467 0.4523 0.0000
vt 0.2531 0.4587 0.0000
vt 0.1910 0.3814 0.0000
vt 0.2625 0.4432 0.0000
vt 0.2648 0.4520 0.0000
vt 0.1910 0.5922 0.0000
vt 0.1775 0.5775 0.0000
vt 0.2807 0.4432 0.0000
vt 0.2784 0.4520 0.0000
vt 0.1668 0.5607 0.0000
# 102 texture coords

o Log
g Log
usemtl Chrismas_Tree_Stylized_Tree_Circle_mso
s 1
f 1789/713/1825 1790/714/1826 1791/715/1827 1792/716/1828 
f 1793/717/1829 1794/718/1830 1795/719/1831 1796/720/1832 
f 1797/721/1833 1798/722/1834 1799/723/1835 1800/724/1836 
f 1801/725/1837 1802/726/1838 1803/727/1839 1804/728/1840 
f 1805/729/1841 1806/730/1842 1807/731/1843 1808/732/1844 
f 1809/733/1845 1810/734/1846 1806/730/1842 1805/729/1841 
f 1811/735/1847 1812/736/1848 1798/737/1834 1797/738/1833 
f 1813/739/1849 1814/740/1850 1802/726/1838 1801/725/1837 
f 1815/741/1851 1816/742/1852 1810/734/1846 1809/733/1845 
f 1792/716/1828 1791/715/1827 1812/736/1848 1811/735/1847 
f 1800/724/1836 1799/723/1835 1814/740/1850 1813/739/1849 
f 1804/728/1840 1803/727/1839 1816/742/1852 1815/741/1851 
f 1817/743/1853 1818/744/1854 1819/745/1855 1820/746/1856 
f 1789/713/1825 1821/747/1857 1822/748/1858 1808/732/1844 
f 1821/749/1859 1823/750/1860 1824/751/1861 1822/752/1862 
f 1808/732/1844 1822/748/1858 1825/753/1863 1805/729/1841 
f 1822/752/1862 1824/751/1861 1826/754/1864 1825/755/1865 
f 1805/729/1841 1825/753/1863 1827/756/1866 1809/733/1845 
f 1825/755/1865 1826/754/1864 1828/757/1867 1827/758/1868 
f 1809/733/1845 1827/756/1866 1829/759/1869 1815/741/1851 
f 1827/758/1868 1828/757/1867 1830/760/1870 1829/761/1871 
f 1815/741/1851 1829/759/1869 1831/762/1872 1804/728/1840 
f 1829/761/1871 1830/760/1870 1832/763/1873 1831/764/1874 
f 1804/728/1840 1831/762/1872 1833/765/1875 1801/725/1837 
f 1831/764/1874 1832/763/1873 1834/766/1876 1833/767/1877 
f 1801/725/1837 1833/765/1875 1835/768/1878 1813/739/1849 
f 1833/767/1877 1834/766/1876 1836/769/1879 1835/770/1880 
f 1813/739/1849 1835/768/1878 1837/771/1881 1800/724/1836 
f 1835/770/1880 1836/769/1879 1795/719/1831 1837/772/1882 
f 1800/724/1836 1837/771/1881 1838/773/1883 1797/721/1833 
f 1837/772/1882 1795/719/1831 1794/718/1830 1838/774/1884 
f 1797/738/1833 1838/775/1883 1839/776/1885 1811/735/1847 
f 1838/774/1884 1794/718/1830 1793/717/1829 1839/777/1886 
f 1811/735/1847 1839/776/1885 1840/778/1887 1792/716/1828 
f 1839/777/1886 1793/717/1829 1841/779/1888 1840/780/1889 
f 1792/716/1828 1840/778/1887 1821/747/1857 1789/713/1825 
f 1840/780/1889 1841/779/1888 1823/750/1860 1821/749/1859 
f 1842/781/1890 1843/782/1891 1844/783/1892 1845/784/1893 
f 1843/785/1894 1790/714/1826 1807/731/1843 1844/786/1895 
f 1845/784/1893 1844/783/1892 1846/787/1896 1847/788/1897 
f 1844/786/1895 1807/731/1843 1806/730/1842 1846/789/1898 
f 1847/788/1897 1846/787/1896 1848/790/1899 1849/791/1900 
f 1846/789/1898 1806/730/1842 1810/734/1846 1848/792/1901 
f 1849/791/1900 1848/790/1899 1850/793/1902 1851/794/1903 
f 1848/792/1901 1810/734/1846 1816/742/1852 1850/795/1904 
f 1851/794/1903 1850/793/1902 1852/796/1905 1853/797/1906 
f 1850/795/1904 1816/742/1852 1803/727/1839 1852/798/1907 
f 1853/797/1906 1852/796/1905 1854/799/1908 1817/743/1853 
f 1852/798/1907 1803/727/1839 1802/726/1838 1854/800/1909 
f 1817/743/1853 1854/799/1908 1855/801/1910 1818/744/1854 
f 1854/800/1909 1802/726/1838 1814/740/1850 1855/802/1911 
f 1818/744/1854 1855/801/1910 1856/803/1912 1819/745/1855 
f 1855/802/1911 1814/740/1850 1799/723/1835 1856/804/1913 
f 1819/745/1855 1856/803/1912 1857/805/1914 1858/806/1915 
f 1856/804/1913 1799/723/1835 1798/722/1834 1857/807/1916 
f 1858/806/1915 1857/805/1914 1859/808/1917 1860/809/1918 
f 1857/810/1916 1798/737/1834 1812/736/1848 1859/811/1919 
f 1860/809/1918 1859/808/1917 1861/812/1920 1862/813/1921 
f 1859/811/1919 1812/736/1848 1791/715/1827 1861/814/1922 
f 1862/813/1921 1861/812/1920 1843/782/1891 1842/781/1890 
f 1861/814/1922 1791/715/1827 1790/714/1826 1843/785/1894 
f 1808/732/1844 1807/731/1843 1790/714/1826 1789/713/1825 
f 1796/720/1832 1834/766/1876 1832/763/1873 1830/760/1870 
f 1841/779/1888 1793/717/1829 1796/720/1832 1823/750/1860 
f 1796/720/1832 1830/760/1870 1828/757/1867 1826/754/1864 
f 1796/720/1832 1795/719/1831 1836/769/1879 1834/766/1876 
f 1823/750/1860 1796/720/1832 1826/754/1864 1824/751/1861 
f 1851/794/1903 1853/797/1906 1817/743/1853 1820/746/1856 
f 1819/745/1855 1858/806/1915 1860/809/1918 1820/746/1856 
f 1847/788/1897 1820/746/1856 1842/781/1890 1845/784/1893 
f 1820/746/1856 1860/809/1918 1862/813/1921 1842/781/1890 
f 1849/791/1900 1851/794/1903 1820/746/1856 1847/788/1897 
# 72 polygons

